FECHA,USO,CONSUMO,ID_CONTADOR
2020-10-01,INDUSTRIAL,1119800,3
2021-06-07,INDUSTRIAL,963300,3
2021-10-08,INDUSTRIAL,900800,3
2021-07-21,INDUSTRIAL,734000,3
2020-12-04,INDUSTRIAL,2035700,3
2020-11-16,INDUSTRIAL,2198900,3
2021-12-04,INDUSTRIAL,879200,3
2021-03-11,INDUSTRIAL,-1300,0
2020-09-13,INDUSTRIAL,1183600,3
2020-09-11,INDUSTRIAL,411600,3
2021-03-02,INDUSTRIAL,9639120,2
2021-09-10,INDUSTRIAL,721400,3
2021-12-14,INDUSTRIAL,1336400,3
2021-07-02,INDUSTRIAL,941500,3
2021-11-01,INDUSTRIAL,905900,3
2021-07-27,INDUSTRIAL,884400,3
2021-06-21,INDUSTRIAL,180500,3
2021-10-25,INDUSTRIAL,904000,3
2021-03-11,INDUSTRIAL,1056300,3
2021-07-14,INDUSTRIAL,1171800,3
2020-12-29,INDUSTRIAL,1087200,3
2019-06-04,INDUSTRIAL,770700,3
2020-08-17,INDUSTRIAL,1052000,3
2021-11-13,INDUSTRIAL,852400,3
2020-11-18,INDUSTRIAL,1293700,3
2021-06-09,INDUSTRIAL,974500,3
2021-03-06,INDUSTRIAL,2863900,3
2020-10-12,INDUSTRIAL,1343200,3
2021-09-11,INDUSTRIAL,1302600,3
2021-10-07,INDUSTRIAL,890300,3
2021-05-28,INDUSTRIAL,953800,3
2020-07-23,INDUSTRIAL,575800,3
2021-09-13,INDUSTRIAL,1098400,3
2021-11-08,INDUSTRIAL,882900,3
2020-10-30,INDUSTRIAL,1799100,3
2021-09-14,INDUSTRIAL,939200,3
2019-01-25,INDUSTRIAL,89121,2
2021-02-11,INDUSTRIAL,661830,2
2021-10-09,INDUSTRIAL,838400,3
2021-02-05,INDUSTRIAL,566180,2
2021-07-20,INDUSTRIAL,951300,3
2020-12-07,INDUSTRIAL,44900,3
2021-04-14,INDUSTRIAL,1144400,3
2020-09-18,INDUSTRIAL,1134300,3
2021-07-25,INDUSTRIAL,1098200,3
2020-12-02,INDUSTRIAL,2114500,3
2020-11-13,INDUSTRIAL,44700,3
2021-12-03,INDUSTRIAL,861000,3
2020-08-04,INDUSTRIAL,576180,2
2020-09-10,INDUSTRIAL,2274700,3
2021-09-09,INDUSTRIAL,673500,3
2021-07-01,INDUSTRIAL,1382600,3
2021-07-28,INDUSTRIAL,737300,3
2021-11-02,INDUSTRIAL,880800,3
2021-10-28,INDUSTRIAL,673900,3
2021-03-10,INDUSTRIAL,923600,3
2021-07-18,INDUSTRIAL,906400,3
2020-12-13,INDUSTRIAL,5392400,3
2019-06-20,INDUSTRIAL,254681,3
2020-09-02,INDUSTRIAL,76900,3
2021-11-12,INDUSTRIAL,881500,3
2020-10-05,INDUSTRIAL,1119600,3
2021-06-11,INDUSTRIAL,1006200,3
2021-02-28,INDUSTRIAL,1825500,3
2020-10-15,INDUSTRIAL,1330000,3
2020-11-20,INDUSTRIAL,1861200,3
2021-08-11,INDUSTRIAL,1119000,3
2021-05-27,INDUSTRIAL,1195400,3
2020-07-24,INDUSTRIAL,713800,3
2021-09-12,INDUSTRIAL,685700,3
2021-11-04,INDUSTRIAL,879000,3
2020-10-31,INDUSTRIAL,939900,3
2021-09-15,INDUSTRIAL,664100,3
2019-01-19,INDUSTRIAL,99086,2
2021-05-02,INDUSTRIAL,949300,3
2021-02-09,INDUSTRIAL,1623560,2
2020-09-12,INDUSTRIAL,1876300,3
2020-12-06,INDUSTRIAL,2316600,3
2021-04-16,INDUSTRIAL,365100,3
2020-09-21,INDUSTRIAL,356700,3
2021-07-23,INDUSTRIAL,972800,3
2020-12-03,INDUSTRIAL,41700,3
2020-11-17,INDUSTRIAL,115200,3
2021-12-05,INDUSTRIAL,825000,3
2020-08-01,INDUSTRIAL,48890,2
2021-07-07,INDUSTRIAL,943000,3
2021-07-26,INDUSTRIAL,1531500,3
2021-01-26,INDUSTRIAL,2854000,3
2021-10-26,INDUSTRIAL,902500,3
2021-03-09,INDUSTRIAL,1005000,3
2021-07-17,INDUSTRIAL,920800,3
2020-12-15,INDUSTRIAL,2166500,3
2019-06-05,INDUSTRIAL,839720,3
2020-09-05,INDUSTRIAL,1161300,3
2021-11-11,INDUSTRIAL,882300,3
2020-10-03,INDUSTRIAL,1113300,3
2021-06-10,INDUSTRIAL,931400,3
2021-02-27,INDUSTRIAL,229500,3
2020-10-17,INDUSTRIAL,1138100,3
2020-11-19,INDUSTRIAL,1111100,3
2021-08-10,INDUSTRIAL,451100,3
2021-05-29,INDUSTRIAL,913800,3
2020-07-26,INDUSTRIAL,674233,3
2021-09-27,INDUSTRIAL,902900,3
2021-11-06,INDUSTRIAL,900800,3
2020-10-29,INDUSTRIAL,1293200,3
2021-09-17,INDUSTRIAL,2046100,3
2019-01-13,INDUSTRIAL,106119,2
2021-05-01,INDUSTRIAL,906300,3
2021-02-06,INDUSTRIAL,846770,2
2021-07-13,INDUSTRIAL,678100,3
2020-12-08,INDUSTRIAL,2233100,3
2021-04-15,INDUSTRIAL,978900,3
2020-09-20,INDUSTRIAL,1605500,3
2021-07-22,INDUSTRIAL,1144100,3
2020-12-01,INDUSTRIAL,108800,3
2020-11-14,INDUSTRIAL,2198300,3
2021-12-06,INDUSTRIAL,824700,3
2020-07-31,INDUSTRIAL,780610,2
2021-07-06,INDUSTRIAL,957500,3
2021-07-29,INDUSTRIAL,1175700,3
2021-01-21,INDUSTRIAL,30500,3
2021-10-27,INDUSTRIAL,904200,3
2021-07-09,INDUSTRIAL,926300,3
2021-07-15,INDUSTRIAL,924700,3
2020-12-22,INDUSTRIAL,6526400,3
2019-06-09,INDUSTRIAL,432905,3
2020-09-04,INDUSTRIAL,1246600,3
2021-11-10,INDUSTRIAL,887400,3
2020-10-08,INDUSTRIAL,1128400,3
2021-06-08,INDUSTRIAL,964900,3
2021-02-24,INDUSTRIAL,542200,3
2020-10-10,INDUSTRIAL,1057200,3
2020-11-21,INDUSTRIAL,252600,3
2021-08-08,INDUSTRIAL,839300,3
2021-05-30,INDUSTRIAL,1012700,3
2020-07-28,INDUSTRIAL,632142,3
2021-09-26,INDUSTRIAL,980700,3
2021-11-03,INDUSTRIAL,896300,3
2020-10-28,INDUSTRIAL,2421900,3
2019-01-17,INDUSTRIAL,127632,2
2021-05-05,INDUSTRIAL,707800,3
2021-05-25,INDUSTRIAL,932300,3
2021-07-12,INDUSTRIAL,942400,3
2020-12-09,INDUSTRIAL,40300,3
2021-04-13,INDUSTRIAL,1222300,3
2020-09-19,INDUSTRIAL,1344300,3
2021-07-24,INDUSTRIAL,132700,3
2020-11-30,INDUSTRIAL,1179400,3
2020-11-11,INDUSTRIAL,2107600,3
2021-12-02,INDUSTRIAL,882800,3
2020-08-02,INDUSTRIAL,1159160,2
2021-07-05,INDUSTRIAL,937800,3
2021-07-31,INDUSTRIAL,720400,3
2021-01-20,INDUSTRIAL,942100,3
2021-10-24,INDUSTRIAL,902700,3
2021-07-08,INDUSTRIAL,934500,3
2021-07-19,INDUSTRIAL,932300,3
2020-12-28,INDUSTRIAL,2433200,3
2019-06-02,INDUSTRIAL,185135,3
2020-09-08,INDUSTRIAL,3157600,3
2021-11-14,INDUSTRIAL,992800,3
2020-10-06,INDUSTRIAL,1125300,3
2021-02-26,INDUSTRIAL,2438600,3
2020-10-13,INDUSTRIAL,1125100,3
2020-10-31,INDUSTRIAL,459460,2
2021-08-14,INDUSTRIAL,804500,3
2020-07-25,INDUSTRIAL,902440,3
2021-09-25,INDUSTRIAL,880000,3
2021-11-07,INDUSTRIAL,962200,3
2020-11-04,INDUSTRIAL,989300,3
2019-01-23,INDUSTRIAL,84329,2
2021-05-03,INDUSTRIAL,694900,3
2021-05-24,INDUSTRIAL,1041000,3
2021-07-10,INDUSTRIAL,884600,3
2021-03-27,INDUSTRIAL,993100,3
2021-04-17,INDUSTRIAL,1678800,3
2020-09-26,INDUSTRIAL,1119900,3
2020-11-29,INDUSTRIAL,1962200,3
2020-11-10,INDUSTRIAL,119900,3
2021-12-01,INDUSTRIAL,878100,3
2020-08-03,INDUSTRIAL,103920,2
2021-07-04,INDUSTRIAL,962400,3
2021-07-30,INDUSTRIAL,888600,3
2021-01-19,INDUSTRIAL,3738500,3
2021-10-23,INDUSTRIAL,901400,3
2021-07-16,INDUSTRIAL,925900,3
2020-12-26,INDUSTRIAL,3050600,3
2019-06-01,INDUSTRIAL,890420,3
2020-09-01,INDUSTRIAL,1182800,3
2021-11-09,INDUSTRIAL,883500,3
2020-10-04,INDUSTRIAL,1138500,3
2021-03-04,INDUSTRIAL,77400,3
2020-10-25,INDUSTRIAL,3247600,3
2020-10-30,INDUSTRIAL,590590,2
2021-08-13,INDUSTRIAL,760500,3
2020-07-27,INDUSTRIAL,896160,3
2021-09-24,INDUSTRIAL,915200,3
2021-11-05,INDUSTRIAL,881500,3
2020-11-08,INDUSTRIAL,1974300,3
2019-01-30,INDUSTRIAL,126381,2
2021-05-07,INDUSTRIAL,927600,3
2021-05-23,INDUSTRIAL,975300,3
2021-07-11,INDUSTRIAL,1003500,3
2021-03-26,INDUSTRIAL,979800,3
2021-04-19,INDUSTRIAL,1002400,3
2020-09-30,INDUSTRIAL,1180700,3
2020-11-28,INDUSTRIAL,332600,3
2020-11-12,INDUSTRIAL,1084500,3
2021-11-30,INDUSTRIAL,896900,3
2020-07-26,INDUSTRIAL,437096,2
2021-07-03,INDUSTRIAL,958100,3
2021-08-04,INDUSTRIAL,1198300,3
2021-01-15,INDUSTRIAL,1005200,3
2021-10-22,INDUSTRIAL,872200,3
2020-12-16,INDUSTRIAL,1206200,3
2019-06-29,INDUSTRIAL,612589,3
2020-09-06,INDUSTRIAL,400300,3
2021-11-21,INDUSTRIAL,942400,3
2020-10-09,INDUSTRIAL,1133500,3
2021-03-02,INDUSTRIAL,461600,3
2020-10-23,INDUSTRIAL,59400,3
2020-10-29,INDUSTRIAL,568160,2
2021-08-12,INDUSTRIAL,791600,3
2020-07-21,INDUSTRIAL,1105800,3
2021-09-22,INDUSTRIAL,932500,3
2020-11-05,INDUSTRIAL,1173700,3
2019-01-26,INDUSTRIAL,125468,2
2021-05-06,INDUSTRIAL,1196700,3
2021-03-29,INDUSTRIAL,1829700,3
2021-04-18,INDUSTRIAL,1065800,3
2020-09-23,INDUSTRIAL,1179600,3
2020-11-27,INDUSTRIAL,7439500,3
2020-11-15,INDUSTRIAL,49500,3
2021-11-29,INDUSTRIAL,881000,3
2020-07-29,INDUSTRIAL,82750,2
2021-06-29,INDUSTRIAL,945000,3
2021-08-06,INDUSTRIAL,681300,3
2021-01-27,INDUSTRIAL,882900,3
2021-10-14,INDUSTRIAL,914800,3
2020-12-30,INDUSTRIAL,1097200,3
2019-06-23,INDUSTRIAL,224754,3
2020-09-03,INDUSTRIAL,2245300,3
2021-11-20,INDUSTRIAL,912700,3
2020-10-02,INDUSTRIAL,1094200,3
2021-03-08,INDUSTRIAL,964300,3
2020-10-22,INDUSTRIAL,4278100,3
2020-10-28,INDUSTRIAL,593020,2
2021-08-09,INDUSTRIAL,775200,3
2020-07-22,INDUSTRIAL,860760,3
2021-09-23,INDUSTRIAL,863600,3
2020-11-06,INDUSTRIAL,1081600,3
2019-01-28,INDUSTRIAL,29120,2
2021-05-04,INDUSTRIAL,1213800,3
2021-03-28,INDUSTRIAL,94300,3
2021-12-11,INDUSTRIAL,1151600,3
2020-09-17,INDUSTRIAL,1459800,3
2021-11-26,INDUSTRIAL,809700,3
2020-07-28,INDUSTRIAL,206222,2
2021-06-27,INDUSTRIAL,736600,3
2021-08-05,INDUSTRIAL,1167700,3
2021-01-23,INDUSTRIAL,2826300,3
2021-10-21,INDUSTRIAL,883000,3
2020-12-23,INDUSTRIAL,1104000,3
2019-06-21,INDUSTRIAL,97738,3
2020-08-23,INDUSTRIAL,1138200,3
2021-11-19,INDUSTRIAL,952000,3
2020-10-07,INDUSTRIAL,1145200,3
2021-03-07,INDUSTRIAL,1005300,3
2020-10-16,INDUSTRIAL,1367300,3
2020-11-05,INDUSTRIAL,104840,2
2021-09-06,INDUSTRIAL,845200,3
2020-07-29,INDUSTRIAL,1140600,3
2021-09-21,INDUSTRIAL,853500,3
2020-11-09,INDUSTRIAL,1180900,3
2019-01-27,INDUSTRIAL,384918,2
2021-04-27,INDUSTRIAL,938800,3
2021-03-15,INDUSTRIAL,976300,3
2021-12-09,INDUSTRIAL,799500,3
2020-09-25,INDUSTRIAL,1077200,3
2021-11-28,INDUSTRIAL,933600,3
2020-07-30,INDUSTRIAL,639590,2
2021-06-28,INDUSTRIAL,1149900,3
2021-08-03,INDUSTRIAL,2055300,3
2021-01-24,INDUSTRIAL,37800,3
2021-10-20,INDUSTRIAL,877700,3
2020-12-24,INDUSTRIAL,45500,3
2019-06-28,INDUSTRIAL,722400,3
2020-08-25,INDUSTRIAL,401400,3
2021-11-18,INDUSTRIAL,821000,3
2020-09-14,INDUSTRIAL,1230600,3
2021-03-03,INDUSTRIAL,1505300,3
2020-10-11,INDUSTRIAL,827400,3
2020-11-04,INDUSTRIAL,698480,2
2021-09-01,INDUSTRIAL,844000,3
2020-08-10,INDUSTRIAL,1069300,3
2021-09-29,INDUSTRIAL,993400,3
2020-11-07,INDUSTRIAL,251400,3
2019-01-16,INDUSTRIAL,86522,2
2021-04-26,INDUSTRIAL,970300,3
2021-03-12,INDUSTRIAL,471200,3
2021-12-08,INDUSTRIAL,897700,3
2020-09-28,INDUSTRIAL,1112900,3
2021-11-27,INDUSTRIAL,976200,3
2020-07-27,INDUSTRIAL,361290,2
2021-06-26,INDUSTRIAL,1086500,3
2021-01-16,INDUSTRIAL,189000,3
2021-10-19,INDUSTRIAL,888100,3
2020-12-17,INDUSTRIAL,43800,3
2019-07-06,INDUSTRIAL,514749,3
2020-08-26,INDUSTRIAL,1925100,3
2021-11-15,INDUSTRIAL,588900,3
2021-03-01,INDUSTRIAL,963000,3
2020-10-19,INDUSTRIAL,138200,3
2020-11-02,INDUSTRIAL,1063910,2
2021-09-07,INDUSTRIAL,930100,3
2020-08-11,INDUSTRIAL,1070200,3
2021-09-28,INDUSTRIAL,904300,3
2020-11-02,INDUSTRIAL,2111000,3
2019-08-13,INDUSTRIAL,29970,2
2021-04-28,INDUSTRIAL,664400,3
2021-03-16,INDUSTRIAL,700600,3
2021-12-13,INDUSTRIAL,420000,3
2020-09-27,INDUSTRIAL,1103100,3
2020-07-25,INDUSTRIAL,216220,2
2021-06-25,INDUSTRIAL,662800,3
2021-10-16,INDUSTRIAL,896900,3
2020-12-31,INDUSTRIAL,108200,3
2019-07-03,INDUSTRIAL,311474,3
2020-08-28,INDUSTRIAL,920600,3
2021-11-17,INDUSTRIAL,910700,3
2021-02-20,INDUSTRIAL,1720800,3
2020-10-14,INDUSTRIAL,624000,3
2020-11-03,INDUSTRIAL,657000,2
2021-09-05,INDUSTRIAL,893800,3
2020-08-09,INDUSTRIAL,1073200,3
2021-09-30,INDUSTRIAL,957000,3
2020-11-03,INDUSTRIAL,1044500,3
2019-08-19,INDUSTRIAL,92199,2
2021-04-30,INDUSTRIAL,1363400,3
2021-03-14,INDUSTRIAL,1975700,3
2021-12-12,INDUSTRIAL,930400,3
2020-09-22,INDUSTRIAL,1810400,3
2020-07-21,INDUSTRIAL,97860,2
2021-06-24,INDUSTRIAL,878200,3
2021-10-15,INDUSTRIAL,876100,3
2021-01-02,INDUSTRIAL,1071000,3
2019-07-25,INDUSTRIAL,730620,3
2020-08-16,INDUSTRIAL,1059200,3
2021-11-16,INDUSTRIAL,1171600,3
2021-02-23,INDUSTRIAL,911500,3
2020-10-18,INDUSTRIAL,1139900,3
2020-09-15,INDUSTRIAL,1204000,3
2021-09-04,INDUSTRIAL,853500,3
2020-08-08,INDUSTRIAL,1069000,3
2021-09-20,INDUSTRIAL,912900,3
2020-11-01,INDUSTRIAL,412900,3
2019-08-06,INDUSTRIAL,29830,2
2021-04-29,INDUSTRIAL,748000,3
2021-03-13,INDUSTRIAL,564600,3
2021-12-10,INDUSTRIAL,675900,3
2020-09-24,INDUSTRIAL,1122700,3
2021-06-05,INDUSTRIAL,975100,3
2021-06-23,INDUSTRIAL,932500,3
2021-10-18,INDUSTRIAL,879000,3
2021-01-04,INDUSTRIAL,47300,3
2019-07-11,INDUSTRIAL,670224,3
2020-08-14,INDUSTRIAL,841000,3
2021-03-14,INDUSTRIAL,1339070,2
2021-02-22,INDUSTRIAL,1753000,3
2021-05-26,INDUSTRIAL,706100,3
2021-09-03,INDUSTRIAL,1268200,3
2020-08-03,INDUSTRIAL,620600,3
2021-09-18,INDUSTRIAL,522100,3
2019-08-01,INDUSTRIAL,76720,2
2021-04-25,INDUSTRIAL,1100900,3
2021-03-30,INDUSTRIAL,960000,3
2021-12-07,INDUSTRIAL,836900,3
2020-09-29,INDUSTRIAL,1086300,3
2021-06-04,INDUSTRIAL,950200,3
2021-06-30,INDUSTRIAL,567500,3
2021-10-17,INDUSTRIAL,939900,3
2021-01-12,INDUSTRIAL,3128400,3
2019-06-07,INDUSTRIAL,546100,3
2020-08-13,INDUSTRIAL,1084800,3
2021-03-12,INDUSTRIAL,5349200,2
2021-02-21,INDUSTRIAL,198100,3
2021-09-02,INDUSTRIAL,505500,3
2020-08-07,INDUSTRIAL,1111900,3
2021-09-19,INDUSTRIAL,1277500,3
2019-08-10,INDUSTRIAL,93123,2
2021-04-23,INDUSTRIAL,1050800,3
2021-04-01,INDUSTRIAL,942500,3
2021-06-03,INDUSTRIAL,951600,3
2020-09-09,INDUSTRIAL,81600,3
2021-10-30,INDUSTRIAL,857600,3
2021-01-09,INDUSTRIAL,1515500,3
2019-06-18,INDUSTRIAL,523300,3
2020-08-15,INDUSTRIAL,1295800,3
2021-03-15,INDUSTRIAL,17030,2
2021-02-19,INDUSTRIAL,549800,3
2021-09-08,INDUSTRIAL,652800,3
2020-08-01,INDUSTRIAL,1119200,3
2021-10-02,INDUSTRIAL,782600,3
2019-08-31,INDUSTRIAL,81030,2
2021-04-21,INDUSTRIAL,1014300,3
2021-04-05,INDUSTRIAL,1021200,3
2021-06-06,INDUSTRIAL,943000,3
2021-05-31,INDUSTRIAL,961200,3
2021-10-31,INDUSTRIAL,888500,3
2021-01-03,INDUSTRIAL,1377900,3
2019-06-11,INDUSTRIAL,364596,3
2020-08-12,INDUSTRIAL,1074600,3
2020-08-16,INDUSTRIAL,6931900,2
2021-02-18,INDUSTRIAL,641600,3
2021-08-07,INDUSTRIAL,977300,3
2020-08-06,INDUSTRIAL,1139200,3
2021-10-04,INDUSTRIAL,986900,3
2019-08-08,INDUSTRIAL,168994,2
2021-04-24,INDUSTRIAL,1013000,3
2021-04-04,INDUSTRIAL,897900,3
2021-06-02,INDUSTRIAL,1409900,3
2021-10-29,INDUSTRIAL,1122200,3
2021-01-07,INDUSTRIAL,2848100,3
2019-06-22,INDUSTRIAL,729400,3
2020-08-19,INDUSTRIAL,864800,3
2021-02-17,INDUSTRIAL,983300,3
2021-08-28,INDUSTRIAL,1012900,3
2020-08-04,INDUSTRIAL,1577000,3
2021-10-03,INDUSTRIAL,1212000,3
2019-08-23,INDUSTRIAL,83430,2
2021-04-22,INDUSTRIAL,974900,3
2021-04-03,INDUSTRIAL,889700,3
2021-06-01,INDUSTRIAL,512600,3
2020-10-26,INDUSTRIAL,163930,2
2021-01-05,INDUSTRIAL,1304500,3
2019-06-08,INDUSTRIAL,572300,3
2020-08-24,INDUSTRIAL,1190900,3
2021-02-15,INDUSTRIAL,3927100,3
2021-08-27,INDUSTRIAL,1160900,3
2020-08-05,INDUSTRIAL,1083100,3
2021-10-01,INDUSTRIAL,981600,3
2019-06-13,INDUSTRIAL,185136,2
2021-04-20,INDUSTRIAL,987900,3
2021-04-02,INDUSTRIAL,977800,3
2021-10-11,INDUSTRIAL,808100,3
2020-10-24,INDUSTRIAL,1316090,2
2021-01-13,INDUSTRIAL,1553300,3
2019-06-12,INDUSTRIAL,833362,3
2020-08-18,INDUSTRIAL,872700,3
2021-02-16,INDUSTRIAL,966100,3
2021-08-25,INDUSTRIAL,781000,3
2020-08-02,INDUSTRIAL,1131800,3
2019-06-11,INDUSTRIAL,291941,2
2021-06-22,INDUSTRIAL,1777900,3
2021-03-31,INDUSTRIAL,920400,3
2021-10-10,INDUSTRIAL,843000,3
2020-10-21,INDUSTRIAL,43156790,2
2021-01-01,INDUSTRIAL,1841900,3
2019-06-30,INDUSTRIAL,1046900,3
2020-08-29,INDUSTRIAL,1124100,3
2019-02-06,INDUSTRIAL,46263,1
2021-08-24,INDUSTRIAL,797900,3
2020-07-31,INDUSTRIAL,1192600,3
2019-06-10,INDUSTRIAL,203243,2
2021-10-06,INDUSTRIAL,1459000,3
2021-03-23,INDUSTRIAL,983600,3
2021-10-13,INDUSTRIAL,848000,3
2020-10-25,INDUSTRIAL,643930,2
2021-01-08,INDUSTRIAL,246400,3
2019-06-16,INDUSTRIAL,578820,3
2020-08-20,INDUSTRIAL,1035600,3
2019-01-16,INDUSTRIAL,28244,1
2021-08-23,INDUSTRIAL,789700,3
2020-07-30,INDUSTRIAL,1200300,3
2019-06-26,INDUSTRIAL,123585,2
2021-10-05,INDUSTRIAL,545000,3
2021-03-22,INDUSTRIAL,683900,3
2021-10-12,INDUSTRIAL,921100,3
2020-10-27,INDUSTRIAL,1015490,2
2021-01-14,INDUSTRIAL,1190100,3
2019-06-17,INDUSTRIAL,610747,3
2020-08-22,INDUSTRIAL,1088000,3
2019-01-04,INDUSTRIAL,90298,1
2021-08-26,INDUSTRIAL,312100,3
2019-06-07,INDUSTRIAL,125244,2
2021-03-19,INDUSTRIAL,777000,3
2020-01-31,INDUSTRIAL,700,0
2020-10-22,INDUSTRIAL,441180,2
2021-02-03,INDUSTRIAL,51639800,2
2019-06-24,INDUSTRIAL,264300,3
2020-08-27,INDUSTRIAL,1160900,3
2019-01-29,INDUSTRIAL,61230,1
2021-08-22,INDUSTRIAL,814800,3
2019-06-04,INDUSTRIAL,82390,2
2021-03-18,INDUSTRIAL,657800,3
2021-11-22,INDUSTRIAL,869200,3
2019-06-10,INDUSTRIAL,102300,3
2020-08-30,INDUSTRIAL,1437500,3
2019-01-20,INDUSTRIAL,45369,1
2021-08-31,INDUSTRIAL,880100,3
2019-06-25,INDUSTRIAL,28420,2
2021-03-20,INDUSTRIAL,1455600,3
2021-11-24,INDUSTRIAL,801000,3
2019-06-19,INDUSTRIAL,189885,3
2020-08-21,INDUSTRIAL,1129700,3
2019-01-25,INDUSTRIAL,105279,1
2021-08-30,INDUSTRIAL,881100,3
2019-06-12,INDUSTRIAL,48302,2
2021-03-17,INDUSTRIAL,1311300,3
2021-11-23,INDUSTRIAL,878500,3
2019-06-26,INDUSTRIAL,481123,3
2020-08-31,INDUSTRIAL,1184700,3
2019-01-21,INDUSTRIAL,42914,1
2021-08-29,INDUSTRIAL,845900,3
2019-06-09,INDUSTRIAL,54657,2
2021-03-24,INDUSTRIAL,403400,3
2021-11-25,INDUSTRIAL,956000,3
2019-06-14,INDUSTRIAL,382888,3
2021-04-07,INDUSTRIAL,960600,3
2019-01-28,INDUSTRIAL,49175,1
2021-08-15,INDUSTRIAL,838600,3
2019-06-08,INDUSTRIAL,144852,2
2021-03-21,INDUSTRIAL,1017400,3
2019-06-27,INDUSTRIAL,662456,3
2021-04-08,INDUSTRIAL,1024100,3
2019-01-02,INDUSTRIAL,31333,1
2021-08-19,INDUSTRIAL,887000,3
2019-06-14,INDUSTRIAL,24320,2
2021-03-25,INDUSTRIAL,1579200,3
2019-06-03,INDUSTRIAL,386062,3
2021-04-06,INDUSTRIAL,983900,3
2019-01-30,INDUSTRIAL,46599,1
2021-08-18,INDUSTRIAL,612700,3
2019-01-18,INDUSTRIAL,14850,2
2020-09-16,INDUSTRIAL,251600,3
2019-06-25,INDUSTRIAL,557239,3
2021-04-11,INDUSTRIAL,1031700,3
2019-01-27,INDUSTRIAL,11410,1
2021-08-17,INDUSTRIAL,590900,3
2019-01-14,INDUSTRIAL,87800,2
2019-06-15,INDUSTRIAL,393006,3
2021-04-10,INDUSTRIAL,989400,3
2019-02-08,INDUSTRIAL,40502,1
2021-08-21,INDUSTRIAL,1408500,3
2019-01-11,INDUSTRIAL,70800,2
2019-06-06,INDUSTRIAL,572500,3
2021-04-09,INDUSTRIAL,982700,3
2019-02-09,INDUSTRIAL,56937,1
2021-08-20,INDUSTRIAL,303600,3
2019-01-31,INDUSTRIAL,222491,2
2019-10-03,INDUSTRIAL,562200,3
2021-04-12,INDUSTRIAL,1097300,3
2019-02-18,INDUSTRIAL,3025,1
2021-08-16,INDUSTRIAL,744100,3
2019-11-05,INDUSTRIAL,307241,2
2019-10-19,INDUSTRIAL,99043,3
2021-02-07,INDUSTRIAL,484400,3
2019-01-03,INDUSTRIAL,15646,1
2019-11-01,INDUSTRIAL,71249,2
2019-10-18,INDUSTRIAL,151900,3
2021-02-06,INDUSTRIAL,998400,3
2019-01-17,INDUSTRIAL,3158,1
2019-11-11,INDUSTRIAL,165712,2
2019-10-04,INDUSTRIAL,634596,3
2021-02-05,INDUSTRIAL,1020200,3
2019-01-09,INDUSTRIAL,30907,1
2019-11-03,INDUSTRIAL,114599,2
2019-10-17,INDUSTRIAL,895780,3
2021-02-02,INDUSTRIAL,71900,3
2019-01-15,INDUSTRIAL,48811,1
2019-11-02,INDUSTRIAL,54170,2
2019-10-20,INDUSTRIAL,371257,3
2021-02-03,INDUSTRIAL,1847300,3
2019-01-06,INDUSTRIAL,60683,1
2019-11-12,INDUSTRIAL,165916,2
2019-10-09,INDUSTRIAL,376940,3
2021-02-01,INDUSTRIAL,4945000,3
2019-01-13,INDUSTRIAL,38772,1
2019-11-30,INDUSTRIAL,91362,2
2019-10-01,INDUSTRIAL,206733,3
2021-02-04,INDUSTRIAL,870900,3
2019-01-14,INDUSTRIAL,46661,1
2019-11-25,INDUSTRIAL,123442,2
2019-10-07,INDUSTRIAL,776240,3
2021-02-11,INDUSTRIAL,883500,3
2019-01-11,INDUSTRIAL,45228,1
2019-11-14,INDUSTRIAL,109874,2
2019-10-11,INDUSTRIAL,757860,3
2021-02-10,INDUSTRIAL,1263100,3
2019-01-19,INDUSTRIAL,44269,1
2019-11-17,INDUSTRIAL,81008,2
2019-10-10,INDUSTRIAL,735780,3
2021-02-09,INDUSTRIAL,2098300,3
2019-01-07,INDUSTRIAL,54739,1
2019-11-04,INDUSTRIAL,85511,2
2019-10-16,INDUSTRIAL,608936,3
2019-01-08,INDUSTRIAL,32873,1
2019-11-24,INDUSTRIAL,45959,2
2019-10-12,INDUSTRIAL,489189,3
2019-01-05,INDUSTRIAL,60348,1
2019-11-08,INDUSTRIAL,194699,2
2019-10-06,INDUSTRIAL,726780,3
2019-01-10,INDUSTRIAL,41542,1
2019-11-10,INDUSTRIAL,27980,2
2019-10-31,INDUSTRIAL,487609,3
2019-01-01,INDUSTRIAL,40502,1
2019-11-07,INDUSTRIAL,171897,2
2019-10-22,INDUSTRIAL,231746,3
2019-01-26,INDUSTRIAL,49177,1
2019-11-28,INDUSTRIAL,159329,2
2019-10-28,INDUSTRIAL,203824,3
2019-01-12,INDUSTRIAL,42846,1
2019-11-16,INDUSTRIAL,24960,2
2019-10-15,INDUSTRIAL,438866,3
2019-01-18,INDUSTRIAL,109581,1
2019-11-26,INDUSTRIAL,141479,2
2019-10-14,INDUSTRIAL,224060,3
2019-01-24,INDUSTRIAL,42381,1
2019-11-13,INDUSTRIAL,193872,2
2019-10-29,INDUSTRIAL,204871,3
2019-01-31,INDUSTRIAL,44625,1
2019-11-18,INDUSTRIAL,53748,2
2019-10-02,INDUSTRIAL,1024700,3
2019-01-22,INDUSTRIAL,10792,1
2019-11-27,INDUSTRIAL,63491,2
2019-10-05,INDUSTRIAL,957800,3
2019-02-07,INDUSTRIAL,33576,1
2019-11-15,INDUSTRIAL,153262,2
2019-10-13,INDUSTRIAL,986500,3
2019-02-02,INDUSTRIAL,27692,1
2019-11-29,INDUSTRIAL,55140,2
2019-10-21,INDUSTRIAL,1028200,3
2019-02-05,INDUSTRIAL,56532,1
2019-11-09,INDUSTRIAL,541960,2
2019-07-15,INDUSTRIAL,562200,3
2019-02-10,INDUSTRIAL,51276,1
2019-10-22,INDUSTRIAL,245330,2
2019-07-08,INDUSTRIAL,572580,3
2019-02-12,INDUSTRIAL,55262,1
2019-10-14,INDUSTRIAL,106185,2
2019-07-12,INDUSTRIAL,587140,3
2019-02-13,INDUSTRIAL,40363,1
2019-10-29,INDUSTRIAL,208195,2
2019-07-29,INDUSTRIAL,567140,3
2019-02-17,INDUSTRIAL,52034,1
2019-10-26,INDUSTRIAL,190319,2
2019-07-16,INDUSTRIAL,306208,3
2019-02-15,INDUSTRIAL,42693,1
2019-10-04,INDUSTRIAL,28040,2
2019-07-24,INDUSTRIAL,809640,3
2019-02-14,INDUSTRIAL,47573,1
2019-10-24,INDUSTRIAL,30880,2
2019-07-10,INDUSTRIAL,187600,3
2019-02-01,INDUSTRIAL,52554,1
2019-10-23,INDUSTRIAL,198613,2
2019-07-17,INDUSTRIAL,113260,3
2019-02-16,INDUSTRIAL,39519,1
2019-10-10,INDUSTRIAL,212463,2
2019-07-01,INDUSTRIAL,691100,3
2019-02-11,INDUSTRIAL,37002,1
2019-10-30,INDUSTRIAL,65403,2
2019-07-31,INDUSTRIAL,809400,3
2019-02-04,INDUSTRIAL,29430,1
2019-10-31,INDUSTRIAL,264028,2
2019-07-05,INDUSTRIAL,856880,3
2019-02-03,INDUSTRIAL,40233,1
2019-10-28,INDUSTRIAL,313192,2
2019-07-28,INDUSTRIAL,209459,3
2019-10-07,INDUSTRIAL,442021,2
2019-07-26,INDUSTRIAL,421676,3
2019-10-25,INDUSTRIAL,23338,2
2019-07-19,INDUSTRIAL,444068,3
2019-10-03,INDUSTRIAL,230280,2
2019-07-23,INDUSTRIAL,179682,3
2019-10-11,INDUSTRIAL,183660,2
2019-07-21,INDUSTRIAL,323494,3
2019-10-08,INDUSTRIAL,65790,2
2019-07-04,INDUSTRIAL,402169,3
2019-10-01,INDUSTRIAL,15020,2
2019-07-30,INDUSTRIAL,348740,3
2019-10-27,INDUSTRIAL,325456,2
2019-07-09,INDUSTRIAL,141405,3
2019-08-30,INDUSTRIAL,202380,2
2019-07-13,INDUSTRIAL,742427,3
2019-08-02,INDUSTRIAL,70421,2
2019-07-20,INDUSTRIAL,276045,3
2019-08-12,INDUSTRIAL,18715,2
2019-07-27,INDUSTRIAL,358831,3
2019-08-25,INDUSTRIAL,87182,2
2019-07-14,INDUSTRIAL,613500,3
2019-08-07,INDUSTRIAL,115736,2
2019-07-02,INDUSTRIAL,784944,3
2019-08-11,INDUSTRIAL,77699,2
2019-07-22,INDUSTRIAL,602244,3
2019-08-16,INDUSTRIAL,183589,2
2019-07-07,INDUSTRIAL,610878,3
2019-08-24,INDUSTRIAL,31160,2
2020-07-11,INDUSTRIAL,87100,3
2019-08-05,INDUSTRIAL,90183,2
2020-07-05,INDUSTRIAL,531392,3
2019-02-13,INDUSTRIAL,256514,2
2020-07-02,INDUSTRIAL,945460,3
2019-02-12,INDUSTRIAL,274663,2
2020-07-04,INDUSTRIAL,933244,3
2019-02-10,INDUSTRIAL,377834,2
2020-07-03,INDUSTRIAL,291076,3
2019-02-15,INDUSTRIAL,353064,2
2020-07-09,INDUSTRIAL,183600,3
2019-02-16,INDUSTRIAL,374830,2
2020-07-10,INDUSTRIAL,500328,3
2019-02-07,INDUSTRIAL,244650,2
2020-07-08,INDUSTRIAL,952240,3
2019-02-09,INDUSTRIAL,142579,2
2020-07-06,INDUSTRIAL,403827,3
2019-02-06,INDUSTRIAL,428884,2
2020-07-07,INDUSTRIAL,579502,3
2019-02-05,INDUSTRIAL,241659,2
2020-07-01,INDUSTRIAL,300748,3
2019-02-17,INDUSTRIAL,482290,2
2020-07-14,INDUSTRIAL,507558,3
2019-04-21,INDUSTRIAL,188251,2
2020-07-15,INDUSTRIAL,576585,3
2019-04-10,INDUSTRIAL,23258,2
2020-05-17,INDUSTRIAL,492144,3
2019-04-26,INDUSTRIAL,331208,2
2020-05-31,INDUSTRIAL,935620,3
2019-04-09,INDUSTRIAL,163715,2
2020-05-24,INDUSTRIAL,741680,3
2019-04-25,INDUSTRIAL,138998,2
2020-05-14,INDUSTRIAL,203424,3
2019-04-29,INDUSTRIAL,75337,2
2020-05-27,INDUSTRIAL,701422,3
2019-04-22,INDUSTRIAL,503450,2
2020-05-26,INDUSTRIAL,398080,3
2019-02-24,INDUSTRIAL,34253,2
2020-05-30,INDUSTRIAL,954780,3
2019-02-14,INDUSTRIAL,330224,2
2020-05-13,INDUSTRIAL,496388,3
2019-02-25,INDUSTRIAL,140743,2
2020-05-21,INDUSTRIAL,387147,3
2019-02-22,INDUSTRIAL,132970,2
2020-05-29,INDUSTRIAL,535518,3
2019-02-11,INDUSTRIAL,130000,2
2020-05-18,INDUSTRIAL,285552,3
2019-02-02,INDUSTRIAL,97673,2
2020-05-23,INDUSTRIAL,825620,3
2019-02-26,INDUSTRIAL,14200,2
2020-05-19,INDUSTRIAL,576140,3
2019-02-23,INDUSTRIAL,17710,2
2020-05-16,INDUSTRIAL,441177,3
2019-02-01,INDUSTRIAL,111220,2
2020-05-20,INDUSTRIAL,543296,3
2019-02-28,INDUSTRIAL,34975,2
2020-05-25,INDUSTRIAL,1009180,3
2019-02-27,INDUSTRIAL,94060,2
2020-05-22,INDUSTRIAL,525544,3
2019-02-21,INDUSTRIAL,31590,2
2020-05-12,INDUSTRIAL,367593,3
2019-02-08,INDUSTRIAL,227480,2
2020-05-15,INDUSTRIAL,64900,3
2019-02-19,INDUSTRIAL,350820,2
2020-05-11,INDUSTRIAL,259600,3
2019-02-18,INDUSTRIAL,350280,2
2020-05-01,INDUSTRIAL,594220,3
2019-02-20,INDUSTRIAL,253774,2
2020-05-04,INDUSTRIAL,511127,3
2019-09-23,INDUSTRIAL,50287,2
2020-05-03,INDUSTRIAL,849780,3
2019-09-10,INDUSTRIAL,127967,2
2020-05-02,INDUSTRIAL,552447,3
2019-09-13,INDUSTRIAL,28280,2
2020-05-07,INDUSTRIAL,440308,3
2019-09-01,INDUSTRIAL,67908,2
2020-05-05,INDUSTRIAL,1062480,3
2019-09-03,INDUSTRIAL,22716,2
2020-05-10,INDUSTRIAL,47638,3
2019-09-30,INDUSTRIAL,93378,2
2020-05-06,INDUSTRIAL,794040,3
2019-09-22,INDUSTRIAL,23972,2
2020-05-08,INDUSTRIAL,528331,3
2019-09-24,INDUSTRIAL,323944,2
2020-05-09,INDUSTRIAL,786400,3
2019-09-12,INDUSTRIAL,215532,2
2020-05-28,INDUSTRIAL,1157800,3
2019-09-27,INDUSTRIAL,301112,2
2020-01-20,INDUSTRIAL,432379,3
2019-09-04,INDUSTRIAL,30710,2
2020-01-09,INDUSTRIAL,231985,3
2019-09-29,INDUSTRIAL,80670,2
2020-01-16,INDUSTRIAL,332138,3
2019-09-25,INDUSTRIAL,226148,2
2020-01-01,INDUSTRIAL,632300,3
2019-09-06,INDUSTRIAL,22628,2
2020-01-14,INDUSTRIAL,172689,3
2019-09-14,INDUSTRIAL,23013,2
2020-01-13,INDUSTRIAL,332815,3
2019-09-08,INDUSTRIAL,45210,2
2020-01-19,INDUSTRIAL,121889,3
2019-09-07,INDUSTRIAL,186290,2
2020-01-11,INDUSTRIAL,403709,3
2019-09-28,INDUSTRIAL,263968,2
2020-01-04,INDUSTRIAL,111700,3
2019-09-02,INDUSTRIAL,30700,2
2020-01-18,INDUSTRIAL,402380,3
2019-09-11,INDUSTRIAL,387634,2
2020-01-21,INDUSTRIAL,267460,3
2019-09-15,INDUSTRIAL,36910,2
2020-01-03,INDUSTRIAL,437664,3
2019-07-11,INDUSTRIAL,191880,2
2020-01-02,INDUSTRIAL,320597,3
2019-07-06,INDUSTRIAL,61921,2
2020-01-05,INDUSTRIAL,248319,3
2019-07-23,INDUSTRIAL,29410,2
2020-01-08,INDUSTRIAL,197812,3
2019-07-27,INDUSTRIAL,130738,2
2020-01-17,INDUSTRIAL,345266,3
2019-07-22,INDUSTRIAL,53190,2
2020-01-12,INDUSTRIAL,666460,3
2019-07-30,INDUSTRIAL,97146,2
2020-01-07,INDUSTRIAL,351138,3
2019-07-15,INDUSTRIAL,332960,2
2020-01-06,INDUSTRIAL,392529,3
2019-07-25,INDUSTRIAL,22591,2
2020-01-15,INDUSTRIAL,510672,3
2019-07-13,INDUSTRIAL,326062,2
2019-10-27,INDUSTRIAL,318720,3
2019-07-14,INDUSTRIAL,305240,2
2019-10-08,INDUSTRIAL,302433,3
2019-07-26,INDUSTRIAL,121908,2
2019-05-08,INDUSTRIAL,648349,3
2019-07-16,INDUSTRIAL,71550,2
2019-05-24,INDUSTRIAL,184019,3
2019-07-01,INDUSTRIAL,83230,2
2019-05-27,INDUSTRIAL,258020,3
2019-07-07,INDUSTRIAL,38770,2
2019-05-02,INDUSTRIAL,530633,3
2019-04-08,INDUSTRIAL,23070,2
2019-05-14,INDUSTRIAL,41483,3
2019-04-15,INDUSTRIAL,19790,2
2019-05-01,INDUSTRIAL,432422,3
2019-04-14,INDUSTRIAL,105448,2
2019-05-28,INDUSTRIAL,393700,3
2019-04-05,INDUSTRIAL,100553,2
2019-05-06,INDUSTRIAL,374308,3
2019-04-17,INDUSTRIAL,208163,2
2019-05-05,INDUSTRIAL,45615,3
2019-04-24,INDUSTRIAL,303358,2
2019-05-31,INDUSTRIAL,389576,3
2019-04-16,INDUSTRIAL,51630,2
2019-12-14,INDUSTRIAL,273186,3
2019-04-27,INDUSTRIAL,79598,2
2019-12-19,INDUSTRIAL,624620,3
2019-04-23,INDUSTRIAL,76928,2
2019-12-12,INDUSTRIAL,601060,3
2019-04-30,INDUSTRIAL,78752,2
2019-12-11,INDUSTRIAL,289797,3
2019-04-28,INDUSTRIAL,131696,2
2019-12-28,INDUSTRIAL,273017,3
2019-04-04,INDUSTRIAL,19550,2
2019-12-18,INDUSTRIAL,288392,3
2019-04-18,INDUSTRIAL,28126,2
2019-12-27,INDUSTRIAL,274700,3
2019-04-11,INDUSTRIAL,20170,2
2019-12-02,INDUSTRIAL,545746,3
2019-04-20,INDUSTRIAL,77363,2
2019-12-21,INDUSTRIAL,79636,3
2019-04-07,INDUSTRIAL,22398,2
2019-12-09,INDUSTRIAL,503604,3
2020-05-16,INDUSTRIAL,276254,2
2019-12-01,INDUSTRIAL,553267,3
2020-05-10,INDUSTRIAL,76957,2
2019-12-03,INDUSTRIAL,213000,3
2020-05-15,INDUSTRIAL,154638,2
2019-05-25,INDUSTRIAL,67177,3
2020-05-29,INDUSTRIAL,337649,2
2019-05-15,INDUSTRIAL,44900,3
2020-05-06,INDUSTRIAL,249580,2
2019-05-29,INDUSTRIAL,235833,3
2020-05-18,INDUSTRIAL,202577,2
2019-05-12,INDUSTRIAL,458251,3
2020-05-31,INDUSTRIAL,326086,2
2019-05-16,INDUSTRIAL,85036,3
2020-05-07,INDUSTRIAL,425282,2
2019-05-03,INDUSTRIAL,724640,3
2020-05-19,INDUSTRIAL,114268,2
2019-05-04,INDUSTRIAL,46920,3
2020-05-26,INDUSTRIAL,352318,2
2019-05-19,INDUSTRIAL,230610,3
2020-05-05,INDUSTRIAL,362898,2
2019-05-07,INDUSTRIAL,513144,3
2020-05-01,INDUSTRIAL,303062,2
2019-05-26,INDUSTRIAL,176767,3
2020-05-25,INDUSTRIAL,65128,2
2019-05-20,INDUSTRIAL,223924,3
2020-05-21,INDUSTRIAL,25192,2
2020-07-17,INDUSTRIAL,639700,3
2020-05-24,INDUSTRIAL,218004,2
2020-07-19,INDUSTRIAL,572671,3
2020-05-30,INDUSTRIAL,209060,2
2020-04-29,INDUSTRIAL,357713,3
2020-05-03,INDUSTRIAL,343355,2
2020-04-30,INDUSTRIAL,644789,3
2020-05-08,INDUSTRIAL,185150,2
2020-04-26,INDUSTRIAL,611100,3
2020-05-11,INDUSTRIAL,332100,2
2020-04-25,INDUSTRIAL,193382,3
2020-05-20,INDUSTRIAL,449008,2
2020-04-24,INDUSTRIAL,345738,3
2020-05-17,INDUSTRIAL,597780,2
2020-04-27,INDUSTRIAL,321400,3
2020-05-12,INDUSTRIAL,244978,2
2020-04-22,INDUSTRIAL,257921,3
2020-05-09,INDUSTRIAL,387982,2
2020-04-17,INDUSTRIAL,160859,3
2020-05-13,INDUSTRIAL,241142,2
2020-04-18,INDUSTRIAL,607600,3
2020-05-23,INDUSTRIAL,45112,2
2020-04-19,INDUSTRIAL,168276,3
2020-05-02,INDUSTRIAL,240175,2
2020-04-16,INDUSTRIAL,103281,3
2020-05-14,INDUSTRIAL,225796,2
2020-04-12,INDUSTRIAL,420731,3
2020-05-22,INDUSTRIAL,298186,2
2020-04-09,INDUSTRIAL,367085,3
2020-05-28,INDUSTRIAL,489660,2
2020-04-10,INDUSTRIAL,792420,3
2020-05-04,INDUSTRIAL,457720,2
2020-04-02,INDUSTRIAL,534771,3
2020-05-27,INDUSTRIAL,625530,2
2020-04-05,INDUSTRIAL,747080,3
2020-01-10,INDUSTRIAL,109552,2
2020-04-06,INDUSTRIAL,1038060,3
2020-01-31,INDUSTRIAL,108744,2
2020-04-11,INDUSTRIAL,618318,3
2020-01-03,INDUSTRIAL,26170,2
2020-04-03,INDUSTRIAL,676322,3
2020-01-15,INDUSTRIAL,336680,2
2020-04-08,INDUSTRIAL,609042,3
2020-01-22,INDUSTRIAL,91822,2
2020-04-01,INDUSTRIAL,533578,3
2020-01-13,INDUSTRIAL,173191,2
2020-04-07,INDUSTRIAL,1051600,3
2020-01-17,INDUSTRIAL,52510,2
2020-04-04,INDUSTRIAL,587933,3
2020-01-07,INDUSTRIAL,55950,2
2020-04-13,INDUSTRIAL,132300,3
2020-01-12,INDUSTRIAL,290230,2
2019-12-07,INDUSTRIAL,148500,3
2020-01-21,INDUSTRIAL,144589,2
2019-12-30,INDUSTRIAL,227824,3
2020-01-30,INDUSTRIAL,54220,2
2019-12-23,INDUSTRIAL,290772,3
2020-01-01,INDUSTRIAL,87020,2
2019-12-08,INDUSTRIAL,416623,3
2020-01-18,INDUSTRIAL,47323,2
2019-12-15,INDUSTRIAL,265188,3
2020-01-26,INDUSTRIAL,130640,2
2019-12-10,INDUSTRIAL,559400,3
2020-01-20,INDUSTRIAL,189290,2
2019-12-13,INDUSTRIAL,108600,3
2020-01-27,INDUSTRIAL,159064,2
2019-12-22,INDUSTRIAL,757080,3
2020-01-19,INDUSTRIAL,131849,2
2019-12-26,INDUSTRIAL,340293,3
2020-01-25,INDUSTRIAL,188472,2
2019-12-31,INDUSTRIAL,237377,3
2020-01-28,INDUSTRIAL,162056,2
2019-12-24,INDUSTRIAL,423702,3
2020-01-09,INDUSTRIAL,200582,2
2019-12-17,INDUSTRIAL,189956,3
2020-01-16,INDUSTRIAL,211189,2
2019-12-29,INDUSTRIAL,164540,3
2020-01-29,INDUSTRIAL,106048,2
2019-12-20,INDUSTRIAL,248065,3
2020-01-05,INDUSTRIAL,42924,2
2019-12-25,INDUSTRIAL,474589,3
2020-01-06,INDUSTRIAL,177731,2
2019-04-11,INDUSTRIAL,81814,3
2020-01-11,INDUSTRIAL,94303,2
2019-04-15,INDUSTRIAL,267395,3
2020-01-02,INDUSTRIAL,179159,2
2019-04-03,INDUSTRIAL,541360,3
2019-09-21,INDUSTRIAL,73200,2
2019-04-21,INDUSTRIAL,41185,3
2019-09-26,INDUSTRIAL,150646,2
2019-04-02,INDUSTRIAL,263711,3
2020-07-06,INDUSTRIAL,141615,2
2019-04-24,INDUSTRIAL,408271,3
2020-07-07,INDUSTRIAL,40510,2
2019-04-13,INDUSTRIAL,99856,3
2020-07-11,INDUSTRIAL,46470,2
2019-04-27,INDUSTRIAL,712840,3
2020-07-14,INDUSTRIAL,51706,2
2019-04-04,INDUSTRIAL,265056,3
2020-07-13,INDUSTRIAL,219257,2
2019-04-28,INDUSTRIAL,804020,3
2020-07-05,INDUSTRIAL,66944,2
2020-07-16,INDUSTRIAL,282962,3
2020-07-04,INDUSTRIAL,153460,2
2020-07-18,INDUSTRIAL,398908,3
2020-07-03,INDUSTRIAL,236288,2
2019-08-26,INDUSTRIAL,707800,3
2020-07-12,INDUSTRIAL,382435,2
2019-08-18,INDUSTRIAL,638520,3
2020-07-10,INDUSTRIAL,25779,2
2019-08-08,INDUSTRIAL,313024,3
2020-07-17,INDUSTRIAL,191125,2
2019-08-20,INDUSTRIAL,627012,3
2020-07-19,INDUSTRIAL,111902,2
2019-08-15,INDUSTRIAL,570318,3
2020-06-15,INDUSTRIAL,39100,2
2019-08-01,INDUSTRIAL,735620,3
2020-06-09,INDUSTRIAL,161557,2
2019-08-02,INDUSTRIAL,598800,3
2020-06-16,INDUSTRIAL,118054,2
2019-08-03,INDUSTRIAL,689760,3
2020-06-20,INDUSTRIAL,212130,2
2019-08-09,INDUSTRIAL,533022,3
2020-06-12,INDUSTRIAL,90190,2
2019-08-06,INDUSTRIAL,374292,3
2020-06-03,INDUSTRIAL,222604,2
2019-08-30,INDUSTRIAL,976300,3
2020-06-17,INDUSTRIAL,262489,2
2019-08-31,INDUSTRIAL,964300,3
2020-06-18,INDUSTRIAL,147094,2
2019-08-29,INDUSTRIAL,965700,3
2020-06-13,INDUSTRIAL,141168,2
2019-04-14,INDUSTRIAL,122800,3
2020-06-21,INDUSTRIAL,207148,2
2019-04-29,INDUSTRIAL,273689,3
2020-06-04,INDUSTRIAL,314618,2
2019-04-22,INDUSTRIAL,306369,3
2020-06-08,INDUSTRIAL,24268,2
2019-04-23,INDUSTRIAL,348687,3
2020-06-10,INDUSTRIAL,336390,2
2019-04-12,INDUSTRIAL,350397,3
2020-06-14,INDUSTRIAL,248620,2
2019-04-17,INDUSTRIAL,190969,3
2020-06-05,INDUSTRIAL,118707,2
2019-04-25,INDUSTRIAL,882800,3
2020-06-06,INDUSTRIAL,229642,2
2019-04-05,INDUSTRIAL,46900,3
2020-06-19,INDUSTRIAL,249433,2
2019-04-18,INDUSTRIAL,254085,3
2020-06-02,INDUSTRIAL,248795,2
2019-04-26,INDUSTRIAL,542853,3
2020-06-11,INDUSTRIAL,370432,2
2019-11-05,INDUSTRIAL,549785,3
2020-06-07,INDUSTRIAL,586510,2
2019-11-13,INDUSTRIAL,822900,3
2020-06-01,INDUSTRIAL,321442,2
2019-11-17,INDUSTRIAL,519618,3
2020-06-22,INDUSTRIAL,90250,2
2019-11-11,INDUSTRIAL,1034100,3
2020-03-28,INDUSTRIAL,113988,2
2019-09-11,INDUSTRIAL,493428,3
2020-03-03,INDUSTRIAL,65589,2
2019-09-15,INDUSTRIAL,838620,3
2020-03-05,INDUSTRIAL,209406,2
2019-09-30,INDUSTRIAL,751100,3
2020-03-02,INDUSTRIAL,198514,2
2019-09-10,INDUSTRIAL,224520,3
2020-03-18,INDUSTRIAL,89968,2
2019-09-01,INDUSTRIAL,537000,3
2020-03-06,INDUSTRIAL,22370,2
2019-09-05,INDUSTRIAL,335689,3
2020-03-17,INDUSTRIAL,63210,2
2019-09-18,INDUSTRIAL,724411,3
2020-03-04,INDUSTRIAL,334888,2
2019-09-24,INDUSTRIAL,190424,3
2020-03-01,INDUSTRIAL,26550,2
2019-09-20,INDUSTRIAL,607980,3
2020-03-23,INDUSTRIAL,255150,2
2019-09-21,INDUSTRIAL,545956,3
2020-03-13,INDUSTRIAL,186354,2
2019-09-26,INDUSTRIAL,796680,3
2020-03-08,INDUSTRIAL,144655,2
2019-09-03,INDUSTRIAL,609820,3
2020-03-12,INDUSTRIAL,65783,2
2019-09-28,INDUSTRIAL,700144,3
2020-03-30,INDUSTRIAL,420770,2
2019-09-06,INDUSTRIAL,428030,3
2020-03-16,INDUSTRIAL,424968,2
2019-09-12,INDUSTRIAL,965100,3
2020-03-15,INDUSTRIAL,579870,2
2019-09-27,INDUSTRIAL,510224,3
2020-03-31,INDUSTRIAL,74410,2
2019-09-16,INDUSTRIAL,785400,3
2020-03-21,INDUSTRIAL,417763,2
2019-09-25,INDUSTRIAL,418496,3
2020-03-09,INDUSTRIAL,22730,2
2019-09-23,INDUSTRIAL,424192,3
2020-03-11,INDUSTRIAL,43956,2
2019-09-13,INDUSTRIAL,804160,3
2020-03-14,INDUSTRIAL,107004,2
2019-09-14,INDUSTRIAL,813820,3
2020-03-29,INDUSTRIAL,27330,2
2019-09-08,INDUSTRIAL,539811,3
2020-03-24,INDUSTRIAL,62530,2
2019-09-22,INDUSTRIAL,791340,3
2020-02-06,INDUSTRIAL,21060,2
2019-09-02,INDUSTRIAL,559240,3
2020-02-04,INDUSTRIAL,53470,2
2019-09-07,INDUSTRIAL,1044300,3
2020-02-05,INDUSTRIAL,101775,2
2019-09-09,INDUSTRIAL,1004400,3
2020-02-13,INDUSTRIAL,156320,2
2019-09-19,INDUSTRIAL,1014900,3
2020-02-15,INDUSTRIAL,101107,2
2019-09-29,INDUSTRIAL,1056900,3
2020-02-29,INDUSTRIAL,43554,2
2019-09-17,INDUSTRIAL,1028500,3
2020-02-09,INDUSTRIAL,70924,2
2019-09-04,INDUSTRIAL,1017800,3
2020-02-12,INDUSTRIAL,101256,2
2019-08-04,INDUSTRIAL,904900,3
2020-02-03,INDUSTRIAL,168645,2
2019-08-22,INDUSTRIAL,770822,3
2020-02-08,INDUSTRIAL,41919,2
2019-08-24,INDUSTRIAL,624960,3
2020-02-11,INDUSTRIAL,153300,2
2019-08-10,INDUSTRIAL,475956,3
2020-02-27,INDUSTRIAL,48117,2
2019-08-21,INDUSTRIAL,555020,3
2020-02-10,INDUSTRIAL,102178,2
2019-08-27,INDUSTRIAL,316344,3
2020-02-25,INDUSTRIAL,22150,2
2019-08-25,INDUSTRIAL,344589,3
2020-02-02,INDUSTRIAL,71719,2
2019-08-17,INDUSTRIAL,240441,3
2020-02-22,INDUSTRIAL,45246,2
2019-08-11,INDUSTRIAL,618360,3
2020-02-20,INDUSTRIAL,65128,2
2019-08-19,INDUSTRIAL,229044,3
2020-02-17,INDUSTRIAL,44822,2
2019-08-16,INDUSTRIAL,380380,3
2020-02-24,INDUSTRIAL,66450,2
2019-08-12,INDUSTRIAL,107120,3
2020-02-18,INDUSTRIAL,64556,2
2019-08-07,INDUSTRIAL,525911,3
2020-02-23,INDUSTRIAL,306897,2
2019-08-05,INDUSTRIAL,879220,3
2020-02-01,INDUSTRIAL,44391,2
2019-08-23,INDUSTRIAL,477589,3
2020-02-19,INDUSTRIAL,104554,2
2019-08-28,INDUSTRIAL,438965,3
2020-02-21,INDUSTRIAL,55740,2
2020-06-07,INDUSTRIAL,445440,3
2019-11-22,INDUSTRIAL,197177,2
2020-06-20,INDUSTRIAL,906700,3
2019-11-06,INDUSTRIAL,335192,2
2020-06-22,INDUSTRIAL,667160,3
2019-03-08,INDUSTRIAL,36860,2
2020-06-02,INDUSTRIAL,567987,3
2019-03-17,INDUSTRIAL,34760,2
2020-06-28,INDUSTRIAL,488331,3
2019-03-20,INDUSTRIAL,69962,2
2020-06-30,INDUSTRIAL,578487,3
2019-03-03,INDUSTRIAL,12420,2
2020-06-09,INDUSTRIAL,401292,3
2019-03-06,INDUSTRIAL,231854,2
2020-06-05,INDUSTRIAL,1063956,3
2019-03-19,INDUSTRIAL,223916,2
2020-06-04,INDUSTRIAL,533424,3
2019-03-07,INDUSTRIAL,49732,2
2020-06-18,INDUSTRIAL,540069,3
2019-03-09,INDUSTRIAL,92320,2
2020-06-21,INDUSTRIAL,1114380,3
2019-03-21,INDUSTRIAL,13390,2
2020-06-13,INDUSTRIAL,827756,3
2019-03-16,INDUSTRIAL,14100,2
2020-06-17,INDUSTRIAL,267075,3
2019-12-10,INDUSTRIAL,100165,2
2020-06-10,INDUSTRIAL,759573,3
2019-12-26,INDUSTRIAL,107021,2
2020-06-27,INDUSTRIAL,870000,3
2019-12-04,INDUSTRIAL,102842,2
2020-06-29,INDUSTRIAL,594610,3
2019-12-16,INDUSTRIAL,229525,2
2020-06-06,INDUSTRIAL,787084,3
2019-12-14,INDUSTRIAL,207530,2
2020-06-23,INDUSTRIAL,721382,3
2019-12-13,INDUSTRIAL,43289,2
2020-06-24,INDUSTRIAL,1050860,3
2019-12-25,INDUSTRIAL,525119,2
2020-06-08,INDUSTRIAL,395162,3
2019-12-18,INDUSTRIAL,435308,2
2020-06-19,INDUSTRIAL,378520,3
2019-12-05,INDUSTRIAL,142010,2
2020-06-26,INDUSTRIAL,912480,3
2019-12-27,INDUSTRIAL,543510,2
2020-06-12,INDUSTRIAL,669311,3
2019-12-09,INDUSTRIAL,18680,2
2020-06-11,INDUSTRIAL,698480,3
2019-05-24,INDUSTRIAL,106047,2
2020-06-16,INDUSTRIAL,504773,3
2019-05-25,INDUSTRIAL,27570,2
2020-06-03,INDUSTRIAL,582080,3
2019-05-17,INDUSTRIAL,46938,2
2020-06-15,INDUSTRIAL,451762,3
2019-05-02,INDUSTRIAL,43581,2
2020-06-01,INDUSTRIAL,1013420,3
2019-05-27,INDUSTRIAL,25190,2
2020-06-14,INDUSTRIAL,1171000,3
2019-05-26,INDUSTRIAL,22950,2
2020-06-25,INDUSTRIAL,1193500,3
2019-05-28,INDUSTRIAL,92382,2
2020-03-31,INDUSTRIAL,267445,3
2019-05-07,INDUSTRIAL,77629,2
2020-03-29,INDUSTRIAL,321485,3
2019-05-01,INDUSTRIAL,41317,2
2020-03-28,INDUSTRIAL,465488,3
2019-05-03,INDUSTRIAL,88360,2
2020-03-14,INDUSTRIAL,262200,3
2019-05-08,INDUSTRIAL,22470,2
2020-03-15,INDUSTRIAL,452994,3
2019-05-18,INDUSTRIAL,27380,2
2020-03-30,INDUSTRIAL,291000,3
2019-05-29,INDUSTRIAL,23000,2
2020-03-27,INDUSTRIAL,227614,3
2020-04-01,INDUSTRIAL,58183,2
2020-03-18,INDUSTRIAL,288515,3
2020-04-03,INDUSTRIAL,300391,2
2020-03-22,INDUSTRIAL,552023,3
2020-04-05,INDUSTRIAL,296949,2
2020-03-20,INDUSTRIAL,83569,3
2020-04-12,INDUSTRIAL,222602,2
2020-03-23,INDUSTRIAL,132062,3
2020-04-11,INDUSTRIAL,368036,2
2020-03-17,INDUSTRIAL,310348,3
2020-04-08,INDUSTRIAL,326830,2
2020-03-26,INDUSTRIAL,374900,3
2020-04-09,INDUSTRIAL,554092,2
2020-03-24,INDUSTRIAL,378960,3
2020-04-02,INDUSTRIAL,523780,2
2020-03-21,INDUSTRIAL,988080,3
2020-04-07,INDUSTRIAL,424058,2
2020-03-19,INDUSTRIAL,503560,3
2020-04-04,INDUSTRIAL,185126,2
2020-03-25,INDUSTRIAL,625501,3
2020-04-06,INDUSTRIAL,405498,2
2020-03-10,INDUSTRIAL,851480,3
2020-04-13,INDUSTRIAL,311839,2
2020-03-04,INDUSTRIAL,538855,3
2020-04-21,INDUSTRIAL,362910,2
2020-03-06,INDUSTRIAL,547220,3
2020-04-23,INDUSTRIAL,126278,2
2020-03-09,INDUSTRIAL,561253,3
2020-04-14,INDUSTRIAL,170650,2
2020-03-05,INDUSTRIAL,566811,3
2020-04-28,INDUSTRIAL,403998,2
2020-03-12,INDUSTRIAL,791189,3
2020-04-29,INDUSTRIAL,370874,2
2020-03-13,INDUSTRIAL,441747,3
2020-04-24,INDUSTRIAL,112242,2
2020-03-11,INDUSTRIAL,665244,3
2020-04-20,INDUSTRIAL,409084,2
2020-03-01,INDUSTRIAL,808760,3
2020-04-26,INDUSTRIAL,80960,2
2020-03-03,INDUSTRIAL,683128,3
2020-04-19,INDUSTRIAL,475292,2
2020-03-08,INDUSTRIAL,339400,3
2020-04-17,INDUSTRIAL,218900,2
2020-03-02,INDUSTRIAL,105200,3
2020-04-16,INDUSTRIAL,217187,2
2020-03-07,INDUSTRIAL,456600,3
2020-04-27,INDUSTRIAL,512554,2
2020-02-04,INDUSTRIAL,159200,3
2020-04-30,INDUSTRIAL,191197,2
2020-02-07,INDUSTRIAL,734060,3
2020-04-25,INDUSTRIAL,138315,2
2020-02-06,INDUSTRIAL,82769,3
2020-04-15,INDUSTRIAL,281932,2
2020-02-25,INDUSTRIAL,103000,3
2020-04-22,INDUSTRIAL,261790,2
2020-02-24,INDUSTRIAL,83663,3
2020-04-18,INDUSTRIAL,479302,2
2020-02-08,INDUSTRIAL,288736,3
2020-04-10,INDUSTRIAL,592320,2
2020-02-09,INDUSTRIAL,240500,3
2019-12-29,INDUSTRIAL,245546,2
2020-02-22,INDUSTRIAL,84700,3
2019-12-21,INDUSTRIAL,256068,2
2020-02-16,INDUSTRIAL,645440,3
2019-12-31,INDUSTRIAL,145077,2
2020-02-20,INDUSTRIAL,41300,3
2019-12-23,INDUSTRIAL,63060,2
2020-02-14,INDUSTRIAL,877040,3
2019-12-01,INDUSTRIAL,46360,2
2020-02-10,INDUSTRIAL,188023,3
2019-12-19,INDUSTRIAL,56070,2
2020-02-19,INDUSTRIAL,609889,3
2019-12-12,INDUSTRIAL,55640,2
2020-02-17,INDUSTRIAL,757762,3
2019-12-30,INDUSTRIAL,47197,2
2020-02-18,INDUSTRIAL,630922,3
2019-12-20,INDUSTRIAL,50725,2
2020-02-15,INDUSTRIAL,848660,3
2019-12-03,INDUSTRIAL,191961,2
2020-02-11,INDUSTRIAL,40000,3
2019-12-02,INDUSTRIAL,157601,2
2020-02-29,INDUSTRIAL,470560,3
2019-12-15,INDUSTRIAL,73506,2
2020-02-13,INDUSTRIAL,323900,3
2019-12-11,INDUSTRIAL,67117,2
2020-02-28,INDUSTRIAL,527868,3
2019-12-22,INDUSTRIAL,152359,2
2019-11-22,INDUSTRIAL,94100,3
2019-12-17,INDUSTRIAL,166354,2
2019-11-19,INDUSTRIAL,268456,3
2019-12-28,INDUSTRIAL,204505,2
2019-11-10,INDUSTRIAL,1000060,3
2021-06-15,INDUSTRIAL,1337400,3
2019-11-15,INDUSTRIAL,278091,3
2021-06-17,INDUSTRIAL,976000,3
2019-11-07,INDUSTRIAL,802260,3
2021-06-14,INDUSTRIAL,1338100,3
2019-11-09,INDUSTRIAL,460748,3
2021-06-20,INDUSTRIAL,952300,3
2019-11-04,INDUSTRIAL,411270,3
2021-06-18,INDUSTRIAL,966600,3
2019-11-23,INDUSTRIAL,356784,3
2021-06-16,INDUSTRIAL,1472500,3
2019-11-21,INDUSTRIAL,300971,3
2021-06-13,INDUSTRIAL,1275000,3
2019-11-20,INDUSTRIAL,382330,3
2021-06-12,INDUSTRIAL,1095800,3
2019-11-06,INDUSTRIAL,548538,3
2021-06-19,INDUSTRIAL,963200,3
2019-11-12,INDUSTRIAL,812240,3
2021-05-13,INDUSTRIAL,916400,3
2019-11-30,INDUSTRIAL,240531,3
2021-05-12,INDUSTRIAL,1616400,3
2019-11-28,INDUSTRIAL,395938,3
2021-05-11,INDUSTRIAL,307700,3
2019-11-29,INDUSTRIAL,199156,3
2021-05-17,INDUSTRIAL,917600,3
2019-11-01,INDUSTRIAL,705880,3
2021-05-16,INDUSTRIAL,959500,3
2019-11-02,INDUSTRIAL,477800,3
2021-05-15,INDUSTRIAL,928900,3
2019-11-08,INDUSTRIAL,499820,3
2021-05-09,INDUSTRIAL,941200,3
2019-11-14,INDUSTRIAL,279560,3
2021-05-14,INDUSTRIAL,972500,3
2019-11-03,INDUSTRIAL,94400,3
2021-05-10,INDUSTRIAL,960400,3
2019-11-18,INDUSTRIAL,707900,3
2021-05-20,INDUSTRIAL,923700,3
2019-11-16,INDUSTRIAL,386869,3
2021-05-19,INDUSTRIAL,959900,3
2019-11-24,INDUSTRIAL,468567,3
2021-05-18,INDUSTRIAL,985500,3
2019-11-27,INDUSTRIAL,196935,3
2021-05-21,INDUSTRIAL,1119000,3
2021-05-22,INDUSTRIAL,904700,3
2021-05-08,INDUSTRIAL,970200,3
