,FECHA,USO,CONSUMO,ID_CONTADOR
0,2020-10-01,INDUSTRIAL,1119800,3
1,2021-06-07,INDUSTRIAL,963300,3
2,2021-10-08,INDUSTRIAL,900800,3
3,2021-07-21,INDUSTRIAL,734000,3
4,2020-12-04,INDUSTRIAL,2035700,3
6,2021-12-04,INDUSTRIAL,879200,3
8,2020-09-13,INDUSTRIAL,1183600,3
9,2020-09-11,INDUSTRIAL,411600,3
11,2021-09-10,INDUSTRIAL,721400,3
12,2021-12-14,INDUSTRIAL,1336400,3
13,2021-07-02,INDUSTRIAL,941500,3
14,2021-11-01,INDUSTRIAL,905900,3
15,2021-07-27,INDUSTRIAL,884400,3
16,2021-06-21,INDUSTRIAL,180500,3
17,2021-10-25,INDUSTRIAL,904000,3
18,2021-03-11,INDUSTRIAL,1056300,3
19,2021-07-14,INDUSTRIAL,1171800,3
20,2020-12-29,INDUSTRIAL,1087200,3
21,2019-06-04,INDUSTRIAL,770700,3
22,2020-08-17,INDUSTRIAL,1052000,3
23,2021-11-13,INDUSTRIAL,852400,3
24,2020-11-18,INDUSTRIAL,1293700,3
25,2021-06-09,INDUSTRIAL,974500,3
27,2020-10-12,INDUSTRIAL,1343200,3
28,2021-09-11,INDUSTRIAL,1302600,3
29,2021-10-07,INDUSTRIAL,890300,3
30,2021-05-28,INDUSTRIAL,953800,3
31,2020-07-23,INDUSTRIAL,575800,3
32,2021-09-13,INDUSTRIAL,1098400,3
33,2021-11-08,INDUSTRIAL,882900,3
34,2020-10-30,INDUSTRIAL,1799100,3
35,2021-09-14,INDUSTRIAL,939200,3
36,2019-01-25,INDUSTRIAL,89121,2
37,2021-02-11,INDUSTRIAL,661830,2
38,2021-10-09,INDUSTRIAL,838400,3
39,2021-02-05,INDUSTRIAL,566180,2
40,2021-07-20,INDUSTRIAL,951300,3
41,2020-12-07,INDUSTRIAL,44900,3
42,2021-04-14,INDUSTRIAL,1144400,3
43,2020-09-18,INDUSTRIAL,1134300,3
44,2021-07-25,INDUSTRIAL,1098200,3
46,2020-11-13,INDUSTRIAL,44700,3
47,2021-12-03,INDUSTRIAL,861000,3
48,2020-08-04,INDUSTRIAL,576180,2
50,2021-09-09,INDUSTRIAL,673500,3
51,2021-07-01,INDUSTRIAL,1382600,3
52,2021-07-28,INDUSTRIAL,737300,3
53,2021-11-02,INDUSTRIAL,880800,3
54,2021-10-28,INDUSTRIAL,673900,3
55,2021-03-10,INDUSTRIAL,923600,3
56,2021-07-18,INDUSTRIAL,906400,3
58,2019-06-20,INDUSTRIAL,254681,3
59,2020-09-02,INDUSTRIAL,76900,3
60,2021-11-12,INDUSTRIAL,881500,3
61,2020-10-05,INDUSTRIAL,1119600,3
62,2021-06-11,INDUSTRIAL,1006200,3
63,2021-02-28,INDUSTRIAL,1825500,3
64,2020-10-15,INDUSTRIAL,1330000,3
65,2020-11-20,INDUSTRIAL,1861200,3
66,2021-08-11,INDUSTRIAL,1119000,3
67,2021-05-27,INDUSTRIAL,1195400,3
68,2020-07-24,INDUSTRIAL,713800,3
69,2021-09-12,INDUSTRIAL,685700,3
70,2021-11-04,INDUSTRIAL,879000,3
71,2020-10-31,INDUSTRIAL,939900,3
72,2021-09-15,INDUSTRIAL,664100,3
73,2019-01-19,INDUSTRIAL,99086,2
74,2021-05-02,INDUSTRIAL,949300,3
75,2021-02-09,INDUSTRIAL,1623560,2
76,2020-09-12,INDUSTRIAL,1876300,3
78,2021-04-16,INDUSTRIAL,365100,3
79,2020-09-21,INDUSTRIAL,356700,3
80,2021-07-23,INDUSTRIAL,972800,3
81,2020-12-03,INDUSTRIAL,41700,3
82,2020-11-17,INDUSTRIAL,115200,3
83,2021-12-05,INDUSTRIAL,825000,3
84,2020-08-01,INDUSTRIAL,48890,2
85,2021-07-07,INDUSTRIAL,943000,3
86,2021-07-26,INDUSTRIAL,1531500,3
88,2021-10-26,INDUSTRIAL,902500,3
89,2021-03-09,INDUSTRIAL,1005000,3
90,2021-07-17,INDUSTRIAL,920800,3
92,2019-06-05,INDUSTRIAL,839720,3
93,2020-09-05,INDUSTRIAL,1161300,3
94,2021-11-11,INDUSTRIAL,882300,3
95,2020-10-03,INDUSTRIAL,1113300,3
96,2021-06-10,INDUSTRIAL,931400,3
97,2021-02-27,INDUSTRIAL,229500,3
98,2020-10-17,INDUSTRIAL,1138100,3
99,2020-11-19,INDUSTRIAL,1111100,3
100,2021-08-10,INDUSTRIAL,451100,3
101,2021-05-29,INDUSTRIAL,913800,3
102,2020-07-26,INDUSTRIAL,674233,3
103,2021-09-27,INDUSTRIAL,902900,3
104,2021-11-06,INDUSTRIAL,900800,3
105,2020-10-29,INDUSTRIAL,1293200,3
107,2019-01-13,INDUSTRIAL,106119,2
108,2021-05-01,INDUSTRIAL,906300,3
109,2021-02-06,INDUSTRIAL,846770,2
110,2021-07-13,INDUSTRIAL,678100,3
112,2021-04-15,INDUSTRIAL,978900,3
113,2020-09-20,INDUSTRIAL,1605500,3
114,2021-07-22,INDUSTRIAL,1144100,3
115,2020-12-01,INDUSTRIAL,108800,3
117,2021-12-06,INDUSTRIAL,824700,3
118,2020-07-31,INDUSTRIAL,780610,2
119,2021-07-06,INDUSTRIAL,957500,3
120,2021-07-29,INDUSTRIAL,1175700,3
121,2021-01-21,INDUSTRIAL,30500,3
122,2021-10-27,INDUSTRIAL,904200,3
123,2021-07-09,INDUSTRIAL,926300,3
124,2021-07-15,INDUSTRIAL,924700,3
126,2019-06-09,INDUSTRIAL,432905,3
127,2020-09-04,INDUSTRIAL,1246600,3
128,2021-11-10,INDUSTRIAL,887400,3
129,2020-10-08,INDUSTRIAL,1128400,3
130,2021-06-08,INDUSTRIAL,964900,3
131,2021-02-24,INDUSTRIAL,542200,3
132,2020-10-10,INDUSTRIAL,1057200,3
133,2020-11-21,INDUSTRIAL,252600,3
134,2021-08-08,INDUSTRIAL,839300,3
135,2021-05-30,INDUSTRIAL,1012700,3
136,2020-07-28,INDUSTRIAL,632142,3
137,2021-09-26,INDUSTRIAL,980700,3
138,2021-11-03,INDUSTRIAL,896300,3
140,2019-01-17,INDUSTRIAL,127632,2
141,2021-05-05,INDUSTRIAL,707800,3
142,2021-05-25,INDUSTRIAL,932300,3
143,2021-07-12,INDUSTRIAL,942400,3
144,2020-12-09,INDUSTRIAL,40300,3
145,2021-04-13,INDUSTRIAL,1222300,3
146,2020-09-19,INDUSTRIAL,1344300,3
147,2021-07-24,INDUSTRIAL,132700,3
148,2020-11-30,INDUSTRIAL,1179400,3
150,2021-12-02,INDUSTRIAL,882800,3
151,2020-08-02,INDUSTRIAL,1159160,2
152,2021-07-05,INDUSTRIAL,937800,3
153,2021-07-31,INDUSTRIAL,720400,3
154,2021-01-20,INDUSTRIAL,942100,3
155,2021-10-24,INDUSTRIAL,902700,3
156,2021-07-08,INDUSTRIAL,934500,3
157,2021-07-19,INDUSTRIAL,932300,3
159,2019-06-02,INDUSTRIAL,185135,3
161,2021-11-14,INDUSTRIAL,992800,3
162,2020-10-06,INDUSTRIAL,1125300,3
164,2020-10-13,INDUSTRIAL,1125100,3
165,2020-10-31,INDUSTRIAL,459460,2
166,2021-08-14,INDUSTRIAL,804500,3
167,2020-07-25,INDUSTRIAL,902440,3
168,2021-09-25,INDUSTRIAL,880000,3
169,2021-11-07,INDUSTRIAL,962200,3
170,2020-11-04,INDUSTRIAL,989300,3
171,2019-01-23,INDUSTRIAL,84329,2
172,2021-05-03,INDUSTRIAL,694900,3
173,2021-05-24,INDUSTRIAL,1041000,3
174,2021-07-10,INDUSTRIAL,884600,3
175,2021-03-27,INDUSTRIAL,993100,3
176,2021-04-17,INDUSTRIAL,1678800,3
177,2020-09-26,INDUSTRIAL,1119900,3
178,2020-11-29,INDUSTRIAL,1962200,3
179,2020-11-10,INDUSTRIAL,119900,3
180,2021-12-01,INDUSTRIAL,878100,3
181,2020-08-03,INDUSTRIAL,103920,2
182,2021-07-04,INDUSTRIAL,962400,3
183,2021-07-30,INDUSTRIAL,888600,3
185,2021-10-23,INDUSTRIAL,901400,3
186,2021-07-16,INDUSTRIAL,925900,3
188,2019-06-01,INDUSTRIAL,890420,3
189,2020-09-01,INDUSTRIAL,1182800,3
190,2021-11-09,INDUSTRIAL,883500,3
191,2020-10-04,INDUSTRIAL,1138500,3
192,2021-03-04,INDUSTRIAL,77400,3
194,2020-10-30,INDUSTRIAL,590590,2
195,2021-08-13,INDUSTRIAL,760500,3
196,2020-07-27,INDUSTRIAL,896160,3
197,2021-09-24,INDUSTRIAL,915200,3
198,2021-11-05,INDUSTRIAL,881500,3
199,2020-11-08,INDUSTRIAL,1974300,3
200,2019-01-30,INDUSTRIAL,126381,2
201,2021-05-07,INDUSTRIAL,927600,3
202,2021-05-23,INDUSTRIAL,975300,3
203,2021-07-11,INDUSTRIAL,1003500,3
204,2021-03-26,INDUSTRIAL,979800,3
205,2021-04-19,INDUSTRIAL,1002400,3
206,2020-09-30,INDUSTRIAL,1180700,3
207,2020-11-28,INDUSTRIAL,332600,3
208,2020-11-12,INDUSTRIAL,1084500,3
209,2021-11-30,INDUSTRIAL,896900,3
210,2020-07-26,INDUSTRIAL,437096,2
211,2021-07-03,INDUSTRIAL,958100,3
212,2021-08-04,INDUSTRIAL,1198300,3
213,2021-01-15,INDUSTRIAL,1005200,3
214,2021-10-22,INDUSTRIAL,872200,3
215,2020-12-16,INDUSTRIAL,1206200,3
216,2019-06-29,INDUSTRIAL,612589,3
217,2020-09-06,INDUSTRIAL,400300,3
218,2021-11-21,INDUSTRIAL,942400,3
219,2020-10-09,INDUSTRIAL,1133500,3
220,2021-03-02,INDUSTRIAL,461600,3
221,2020-10-23,INDUSTRIAL,59400,3
222,2020-10-29,INDUSTRIAL,568160,2
223,2021-08-12,INDUSTRIAL,791600,3
224,2020-07-21,INDUSTRIAL,1105800,3
225,2021-09-22,INDUSTRIAL,932500,3
226,2020-11-05,INDUSTRIAL,1173700,3
227,2019-01-26,INDUSTRIAL,125468,2
228,2021-05-06,INDUSTRIAL,1196700,3
229,2021-03-29,INDUSTRIAL,1829700,3
230,2021-04-18,INDUSTRIAL,1065800,3
231,2020-09-23,INDUSTRIAL,1179600,3
233,2020-11-15,INDUSTRIAL,49500,3
234,2021-11-29,INDUSTRIAL,881000,3
235,2020-07-29,INDUSTRIAL,82750,2
236,2021-06-29,INDUSTRIAL,945000,3
237,2021-08-06,INDUSTRIAL,681300,3
238,2021-01-27,INDUSTRIAL,882900,3
239,2021-10-14,INDUSTRIAL,914800,3
240,2020-12-30,INDUSTRIAL,1097200,3
241,2019-06-23,INDUSTRIAL,224754,3
243,2021-11-20,INDUSTRIAL,912700,3
244,2020-10-02,INDUSTRIAL,1094200,3
245,2021-03-08,INDUSTRIAL,964300,3
247,2020-10-28,INDUSTRIAL,593020,2
248,2021-08-09,INDUSTRIAL,775200,3
249,2020-07-22,INDUSTRIAL,860760,3
250,2021-09-23,INDUSTRIAL,863600,3
251,2020-11-06,INDUSTRIAL,1081600,3
252,2019-01-28,INDUSTRIAL,29120,2
253,2021-05-04,INDUSTRIAL,1213800,3
254,2021-03-28,INDUSTRIAL,94300,3
255,2021-12-11,INDUSTRIAL,1151600,3
256,2020-09-17,INDUSTRIAL,1459800,3
257,2021-11-26,INDUSTRIAL,809700,3
258,2020-07-28,INDUSTRIAL,206222,2
259,2021-06-27,INDUSTRIAL,736600,3
260,2021-08-05,INDUSTRIAL,1167700,3
262,2021-10-21,INDUSTRIAL,883000,3
263,2020-12-23,INDUSTRIAL,1104000,3
264,2019-06-21,INDUSTRIAL,97738,3
265,2020-08-23,INDUSTRIAL,1138200,3
266,2021-11-19,INDUSTRIAL,952000,3
267,2020-10-07,INDUSTRIAL,1145200,3
268,2021-03-07,INDUSTRIAL,1005300,3
269,2020-10-16,INDUSTRIAL,1367300,3
270,2020-11-05,INDUSTRIAL,104840,2
271,2021-09-06,INDUSTRIAL,845200,3
272,2020-07-29,INDUSTRIAL,1140600,3
273,2021-09-21,INDUSTRIAL,853500,3
274,2020-11-09,INDUSTRIAL,1180900,3
275,2019-01-27,INDUSTRIAL,384918,2
276,2021-04-27,INDUSTRIAL,938800,3
277,2021-03-15,INDUSTRIAL,976300,3
278,2021-12-09,INDUSTRIAL,799500,3
279,2020-09-25,INDUSTRIAL,1077200,3
280,2021-11-28,INDUSTRIAL,933600,3
281,2020-07-30,INDUSTRIAL,639590,2
282,2021-06-28,INDUSTRIAL,1149900,3
284,2021-01-24,INDUSTRIAL,37800,3
285,2021-10-20,INDUSTRIAL,877700,3
286,2020-12-24,INDUSTRIAL,45500,3
287,2019-06-28,INDUSTRIAL,722400,3
288,2020-08-25,INDUSTRIAL,401400,3
289,2021-11-18,INDUSTRIAL,821000,3
290,2020-09-14,INDUSTRIAL,1230600,3
291,2021-03-03,INDUSTRIAL,1505300,3
292,2020-10-11,INDUSTRIAL,827400,3
293,2020-11-04,INDUSTRIAL,698480,2
294,2021-09-01,INDUSTRIAL,844000,3
295,2020-08-10,INDUSTRIAL,1069300,3
296,2021-09-29,INDUSTRIAL,993400,3
297,2020-11-07,INDUSTRIAL,251400,3
298,2019-01-16,INDUSTRIAL,86522,2
299,2021-04-26,INDUSTRIAL,970300,3
300,2021-03-12,INDUSTRIAL,471200,3
301,2021-12-08,INDUSTRIAL,897700,3
302,2020-09-28,INDUSTRIAL,1112900,3
303,2021-11-27,INDUSTRIAL,976200,3
304,2020-07-27,INDUSTRIAL,361290,2
305,2021-06-26,INDUSTRIAL,1086500,3
306,2021-01-16,INDUSTRIAL,189000,3
307,2021-10-19,INDUSTRIAL,888100,3
308,2020-12-17,INDUSTRIAL,43800,3
309,2019-07-06,INDUSTRIAL,514749,3
310,2020-08-26,INDUSTRIAL,1925100,3
311,2021-11-15,INDUSTRIAL,588900,3
312,2021-03-01,INDUSTRIAL,963000,3
313,2020-10-19,INDUSTRIAL,138200,3
314,2020-11-02,INDUSTRIAL,1063910,2
315,2021-09-07,INDUSTRIAL,930100,3
316,2020-08-11,INDUSTRIAL,1070200,3
317,2021-09-28,INDUSTRIAL,904300,3
319,2019-08-13,INDUSTRIAL,29970,2
320,2021-04-28,INDUSTRIAL,664400,3
321,2021-03-16,INDUSTRIAL,700600,3
322,2021-12-13,INDUSTRIAL,420000,3
323,2020-09-27,INDUSTRIAL,1103100,3
324,2020-07-25,INDUSTRIAL,216220,2
325,2021-06-25,INDUSTRIAL,662800,3
326,2021-10-16,INDUSTRIAL,896900,3
327,2020-12-31,INDUSTRIAL,108200,3
328,2019-07-03,INDUSTRIAL,311474,3
329,2020-08-28,INDUSTRIAL,920600,3
330,2021-11-17,INDUSTRIAL,910700,3
331,2021-02-20,INDUSTRIAL,1720800,3
332,2020-10-14,INDUSTRIAL,624000,3
333,2020-11-03,INDUSTRIAL,657000,2
334,2021-09-05,INDUSTRIAL,893800,3
335,2020-08-09,INDUSTRIAL,1073200,3
336,2021-09-30,INDUSTRIAL,957000,3
337,2020-11-03,INDUSTRIAL,1044500,3
338,2019-08-19,INDUSTRIAL,92199,2
339,2021-04-30,INDUSTRIAL,1363400,3
340,2021-03-14,INDUSTRIAL,1975700,3
341,2021-12-12,INDUSTRIAL,930400,3
342,2020-09-22,INDUSTRIAL,1810400,3
343,2020-07-21,INDUSTRIAL,97860,2
344,2021-06-24,INDUSTRIAL,878200,3
345,2021-10-15,INDUSTRIAL,876100,3
346,2021-01-02,INDUSTRIAL,1071000,3
347,2019-07-25,INDUSTRIAL,730620,3
348,2020-08-16,INDUSTRIAL,1059200,3
349,2021-11-16,INDUSTRIAL,1171600,3
350,2021-02-23,INDUSTRIAL,911500,3
351,2020-10-18,INDUSTRIAL,1139900,3
352,2020-09-15,INDUSTRIAL,1204000,3
353,2021-09-04,INDUSTRIAL,853500,3
354,2020-08-08,INDUSTRIAL,1069000,3
355,2021-09-20,INDUSTRIAL,912900,3
356,2020-11-01,INDUSTRIAL,412900,3
357,2019-08-06,INDUSTRIAL,29830,2
358,2021-04-29,INDUSTRIAL,748000,3
359,2021-03-13,INDUSTRIAL,564600,3
360,2021-12-10,INDUSTRIAL,675900,3
361,2020-09-24,INDUSTRIAL,1122700,3
362,2021-06-05,INDUSTRIAL,975100,3
363,2021-06-23,INDUSTRIAL,932500,3
364,2021-10-18,INDUSTRIAL,879000,3
365,2021-01-04,INDUSTRIAL,47300,3
366,2019-07-11,INDUSTRIAL,670224,3
367,2020-08-14,INDUSTRIAL,841000,3
368,2021-03-14,INDUSTRIAL,1339070,2
369,2021-02-22,INDUSTRIAL,1753000,3
370,2021-05-26,INDUSTRIAL,706100,3
371,2021-09-03,INDUSTRIAL,1268200,3
372,2020-08-03,INDUSTRIAL,620600,3
373,2021-09-18,INDUSTRIAL,522100,3
374,2019-08-01,INDUSTRIAL,76720,2
375,2021-04-25,INDUSTRIAL,1100900,3
376,2021-03-30,INDUSTRIAL,960000,3
377,2021-12-07,INDUSTRIAL,836900,3
378,2020-09-29,INDUSTRIAL,1086300,3
379,2021-06-04,INDUSTRIAL,950200,3
380,2021-06-30,INDUSTRIAL,567500,3
381,2021-10-17,INDUSTRIAL,939900,3
383,2019-06-07,INDUSTRIAL,546100,3
384,2020-08-13,INDUSTRIAL,1084800,3
386,2021-02-21,INDUSTRIAL,198100,3
387,2021-09-02,INDUSTRIAL,505500,3
388,2020-08-07,INDUSTRIAL,1111900,3
389,2021-09-19,INDUSTRIAL,1277500,3
390,2019-08-10,INDUSTRIAL,93123,2
391,2021-04-23,INDUSTRIAL,1050800,3
392,2021-04-01,INDUSTRIAL,942500,3
393,2021-06-03,INDUSTRIAL,951600,3
394,2020-09-09,INDUSTRIAL,81600,3
395,2021-10-30,INDUSTRIAL,857600,3
396,2021-01-09,INDUSTRIAL,1515500,3
397,2019-06-18,INDUSTRIAL,523300,3
398,2020-08-15,INDUSTRIAL,1295800,3
399,2021-03-15,INDUSTRIAL,17030,2
400,2021-02-19,INDUSTRIAL,549800,3
401,2021-09-08,INDUSTRIAL,652800,3
402,2020-08-01,INDUSTRIAL,1119200,3
403,2021-10-02,INDUSTRIAL,782600,3
404,2019-08-31,INDUSTRIAL,81030,2
405,2021-04-21,INDUSTRIAL,1014300,3
406,2021-04-05,INDUSTRIAL,1021200,3
407,2021-06-06,INDUSTRIAL,943000,3
408,2021-05-31,INDUSTRIAL,961200,3
409,2021-10-31,INDUSTRIAL,888500,3
410,2021-01-03,INDUSTRIAL,1377900,3
411,2019-06-11,INDUSTRIAL,364596,3
412,2020-08-12,INDUSTRIAL,1074600,3
414,2021-02-18,INDUSTRIAL,641600,3
415,2021-08-07,INDUSTRIAL,977300,3
416,2020-08-06,INDUSTRIAL,1139200,3
417,2021-10-04,INDUSTRIAL,986900,3
418,2019-08-08,INDUSTRIAL,168994,2
419,2021-04-24,INDUSTRIAL,1013000,3
420,2021-04-04,INDUSTRIAL,897900,3
421,2021-06-02,INDUSTRIAL,1409900,3
422,2021-10-29,INDUSTRIAL,1122200,3
424,2019-06-22,INDUSTRIAL,729400,3
425,2020-08-19,INDUSTRIAL,864800,3
426,2021-02-17,INDUSTRIAL,983300,3
427,2021-08-28,INDUSTRIAL,1012900,3
428,2020-08-04,INDUSTRIAL,1577000,3
429,2021-10-03,INDUSTRIAL,1212000,3
430,2019-08-23,INDUSTRIAL,83430,2
431,2021-04-22,INDUSTRIAL,974900,3
432,2021-04-03,INDUSTRIAL,889700,3
433,2021-06-01,INDUSTRIAL,512600,3
434,2020-10-26,INDUSTRIAL,163930,2
435,2021-01-05,INDUSTRIAL,1304500,3
436,2019-06-08,INDUSTRIAL,572300,3
437,2020-08-24,INDUSTRIAL,1190900,3
439,2021-08-27,INDUSTRIAL,1160900,3
440,2020-08-05,INDUSTRIAL,1083100,3
441,2021-10-01,INDUSTRIAL,981600,3
442,2019-06-13,INDUSTRIAL,185136,2
443,2021-04-20,INDUSTRIAL,987900,3
444,2021-04-02,INDUSTRIAL,977800,3
445,2021-10-11,INDUSTRIAL,808100,3
446,2020-10-24,INDUSTRIAL,1316090,2
447,2021-01-13,INDUSTRIAL,1553300,3
448,2019-06-12,INDUSTRIAL,833362,3
449,2020-08-18,INDUSTRIAL,872700,3
450,2021-02-16,INDUSTRIAL,966100,3
451,2021-08-25,INDUSTRIAL,781000,3
452,2020-08-02,INDUSTRIAL,1131800,3
453,2019-06-11,INDUSTRIAL,291941,2
454,2021-06-22,INDUSTRIAL,1777900,3
455,2021-03-31,INDUSTRIAL,920400,3
456,2021-10-10,INDUSTRIAL,843000,3
458,2021-01-01,INDUSTRIAL,1841900,3
459,2019-06-30,INDUSTRIAL,1046900,3
460,2020-08-29,INDUSTRIAL,1124100,3
461,2019-02-06,INDUSTRIAL,46263,1
462,2021-08-24,INDUSTRIAL,797900,3
463,2020-07-31,INDUSTRIAL,1192600,3
464,2019-06-10,INDUSTRIAL,203243,2
465,2021-10-06,INDUSTRIAL,1459000,3
466,2021-03-23,INDUSTRIAL,983600,3
467,2021-10-13,INDUSTRIAL,848000,3
468,2020-10-25,INDUSTRIAL,643930,2
469,2021-01-08,INDUSTRIAL,246400,3
470,2019-06-16,INDUSTRIAL,578820,3
471,2020-08-20,INDUSTRIAL,1035600,3
472,2019-01-16,INDUSTRIAL,28244,1
473,2021-08-23,INDUSTRIAL,789700,3
474,2020-07-30,INDUSTRIAL,1200300,3
475,2019-06-26,INDUSTRIAL,123585,2
476,2021-10-05,INDUSTRIAL,545000,3
477,2021-03-22,INDUSTRIAL,683900,3
478,2021-10-12,INDUSTRIAL,921100,3
479,2020-10-27,INDUSTRIAL,1015490,2
480,2021-01-14,INDUSTRIAL,1190100,3
481,2019-06-17,INDUSTRIAL,610747,3
482,2020-08-22,INDUSTRIAL,1088000,3
483,2019-01-04,INDUSTRIAL,90298,1
484,2021-08-26,INDUSTRIAL,312100,3
485,2019-06-07,INDUSTRIAL,125244,2
486,2021-03-19,INDUSTRIAL,777000,3
487,2020-01-31,INDUSTRIAL,700,0
488,2020-10-22,INDUSTRIAL,441180,2
490,2019-06-24,INDUSTRIAL,264300,3
491,2020-08-27,INDUSTRIAL,1160900,3
492,2019-01-29,INDUSTRIAL,61230,1
493,2021-08-22,INDUSTRIAL,814800,3
494,2019-06-04,INDUSTRIAL,82390,2
495,2021-03-18,INDUSTRIAL,657800,3
496,2021-11-22,INDUSTRIAL,869200,3
497,2019-06-10,INDUSTRIAL,102300,3
498,2020-08-30,INDUSTRIAL,1437500,3
499,2019-01-20,INDUSTRIAL,45369,1
500,2021-08-31,INDUSTRIAL,880100,3
501,2019-06-25,INDUSTRIAL,28420,2
502,2021-03-20,INDUSTRIAL,1455600,3
503,2021-11-24,INDUSTRIAL,801000,3
504,2019-06-19,INDUSTRIAL,189885,3
505,2020-08-21,INDUSTRIAL,1129700,3
506,2019-01-25,INDUSTRIAL,105279,1
507,2021-08-30,INDUSTRIAL,881100,3
508,2019-06-12,INDUSTRIAL,48302,2
509,2021-03-17,INDUSTRIAL,1311300,3
510,2021-11-23,INDUSTRIAL,878500,3
511,2019-06-26,INDUSTRIAL,481123,3
512,2020-08-31,INDUSTRIAL,1184700,3
513,2019-01-21,INDUSTRIAL,42914,1
514,2021-08-29,INDUSTRIAL,845900,3
515,2019-06-09,INDUSTRIAL,54657,2
516,2021-03-24,INDUSTRIAL,403400,3
517,2021-11-25,INDUSTRIAL,956000,3
518,2019-06-14,INDUSTRIAL,382888,3
519,2021-04-07,INDUSTRIAL,960600,3
520,2019-01-28,INDUSTRIAL,49175,1
521,2021-08-15,INDUSTRIAL,838600,3
522,2019-06-08,INDUSTRIAL,144852,2
523,2021-03-21,INDUSTRIAL,1017400,3
524,2019-06-27,INDUSTRIAL,662456,3
525,2021-04-08,INDUSTRIAL,1024100,3
526,2019-01-02,INDUSTRIAL,31333,1
527,2021-08-19,INDUSTRIAL,887000,3
528,2019-06-14,INDUSTRIAL,24320,2
529,2021-03-25,INDUSTRIAL,1579200,3
530,2019-06-03,INDUSTRIAL,386062,3
531,2021-04-06,INDUSTRIAL,983900,3
532,2019-01-30,INDUSTRIAL,46599,1
533,2021-08-18,INDUSTRIAL,612700,3
534,2019-01-18,INDUSTRIAL,14850,2
535,2020-09-16,INDUSTRIAL,251600,3
536,2019-06-25,INDUSTRIAL,557239,3
537,2021-04-11,INDUSTRIAL,1031700,3
538,2019-01-27,INDUSTRIAL,11410,1
539,2021-08-17,INDUSTRIAL,590900,3
540,2019-01-14,INDUSTRIAL,87800,2
541,2019-06-15,INDUSTRIAL,393006,3
542,2021-04-10,INDUSTRIAL,989400,3
543,2019-02-08,INDUSTRIAL,40502,1
544,2021-08-21,INDUSTRIAL,1408500,3
545,2019-01-11,INDUSTRIAL,70800,2
546,2019-06-06,INDUSTRIAL,572500,3
547,2021-04-09,INDUSTRIAL,982700,3
548,2019-02-09,INDUSTRIAL,56937,1
549,2021-08-20,INDUSTRIAL,303600,3
550,2019-01-31,INDUSTRIAL,222491,2
551,2019-10-03,INDUSTRIAL,562200,3
552,2021-04-12,INDUSTRIAL,1097300,3
553,2019-02-18,INDUSTRIAL,3025,1
554,2021-08-16,INDUSTRIAL,744100,3
555,2019-11-05,INDUSTRIAL,307241,2
556,2019-10-19,INDUSTRIAL,99043,3
557,2021-02-07,INDUSTRIAL,484400,3
558,2019-01-03,INDUSTRIAL,15646,1
559,2019-11-01,INDUSTRIAL,71249,2
560,2019-10-18,INDUSTRIAL,151900,3
561,2021-02-06,INDUSTRIAL,998400,3
562,2019-01-17,INDUSTRIAL,3158,1
563,2019-11-11,INDUSTRIAL,165712,2
564,2019-10-04,INDUSTRIAL,634596,3
565,2021-02-05,INDUSTRIAL,1020200,3
566,2019-01-09,INDUSTRIAL,30907,1
567,2019-11-03,INDUSTRIAL,114599,2
568,2019-10-17,INDUSTRIAL,895780,3
569,2021-02-02,INDUSTRIAL,71900,3
570,2019-01-15,INDUSTRIAL,48811,1
571,2019-11-02,INDUSTRIAL,54170,2
572,2019-10-20,INDUSTRIAL,371257,3
573,2021-02-03,INDUSTRIAL,1847300,3
574,2019-01-06,INDUSTRIAL,60683,1
575,2019-11-12,INDUSTRIAL,165916,2
576,2019-10-09,INDUSTRIAL,376940,3
578,2019-01-13,INDUSTRIAL,38772,1
579,2019-11-30,INDUSTRIAL,91362,2
580,2019-10-01,INDUSTRIAL,206733,3
581,2021-02-04,INDUSTRIAL,870900,3
582,2019-01-14,INDUSTRIAL,46661,1
583,2019-11-25,INDUSTRIAL,123442,2
584,2019-10-07,INDUSTRIAL,776240,3
585,2021-02-11,INDUSTRIAL,883500,3
586,2019-01-11,INDUSTRIAL,45228,1
587,2019-11-14,INDUSTRIAL,109874,2
588,2019-10-11,INDUSTRIAL,757860,3
589,2021-02-10,INDUSTRIAL,1263100,3
590,2019-01-19,INDUSTRIAL,44269,1
591,2019-11-17,INDUSTRIAL,81008,2
592,2019-10-10,INDUSTRIAL,735780,3
594,2019-01-07,INDUSTRIAL,54739,1
595,2019-11-04,INDUSTRIAL,85511,2
596,2019-10-16,INDUSTRIAL,608936,3
597,2019-01-08,INDUSTRIAL,32873,1
598,2019-11-24,INDUSTRIAL,45959,2
599,2019-10-12,INDUSTRIAL,489189,3
600,2019-01-05,INDUSTRIAL,60348,1
601,2019-11-08,INDUSTRIAL,194699,2
602,2019-10-06,INDUSTRIAL,726780,3
603,2019-01-10,INDUSTRIAL,41542,1
604,2019-11-10,INDUSTRIAL,27980,2
605,2019-10-31,INDUSTRIAL,487609,3
606,2019-01-01,INDUSTRIAL,40502,1
607,2019-11-07,INDUSTRIAL,171897,2
608,2019-10-22,INDUSTRIAL,231746,3
609,2019-01-26,INDUSTRIAL,49177,1
610,2019-11-28,INDUSTRIAL,159329,2
611,2019-10-28,INDUSTRIAL,203824,3
612,2019-01-12,INDUSTRIAL,42846,1
613,2019-11-16,INDUSTRIAL,24960,2
614,2019-10-15,INDUSTRIAL,438866,3
615,2019-01-18,INDUSTRIAL,109581,1
616,2019-11-26,INDUSTRIAL,141479,2
617,2019-10-14,INDUSTRIAL,224060,3
618,2019-01-24,INDUSTRIAL,42381,1
619,2019-11-13,INDUSTRIAL,193872,2
620,2019-10-29,INDUSTRIAL,204871,3
621,2019-01-31,INDUSTRIAL,44625,1
622,2019-11-18,INDUSTRIAL,53748,2
623,2019-10-02,INDUSTRIAL,1024700,3
624,2019-01-22,INDUSTRIAL,10792,1
625,2019-11-27,INDUSTRIAL,63491,2
626,2019-10-05,INDUSTRIAL,957800,3
627,2019-02-07,INDUSTRIAL,33576,1
628,2019-11-15,INDUSTRIAL,153262,2
629,2019-10-13,INDUSTRIAL,986500,3
630,2019-02-02,INDUSTRIAL,27692,1
631,2019-11-29,INDUSTRIAL,55140,2
632,2019-10-21,INDUSTRIAL,1028200,3
633,2019-02-05,INDUSTRIAL,56532,1
634,2019-11-09,INDUSTRIAL,541960,2
635,2019-07-15,INDUSTRIAL,562200,3
636,2019-02-10,INDUSTRIAL,51276,1
637,2019-10-22,INDUSTRIAL,245330,2
638,2019-07-08,INDUSTRIAL,572580,3
639,2019-02-12,INDUSTRIAL,55262,1
640,2019-10-14,INDUSTRIAL,106185,2
641,2019-07-12,INDUSTRIAL,587140,3
642,2019-02-13,INDUSTRIAL,40363,1
643,2019-10-29,INDUSTRIAL,208195,2
644,2019-07-29,INDUSTRIAL,567140,3
645,2019-02-17,INDUSTRIAL,52034,1
646,2019-10-26,INDUSTRIAL,190319,2
647,2019-07-16,INDUSTRIAL,306208,3
648,2019-02-15,INDUSTRIAL,42693,1
649,2019-10-04,INDUSTRIAL,28040,2
650,2019-07-24,INDUSTRIAL,809640,3
651,2019-02-14,INDUSTRIAL,47573,1
652,2019-10-24,INDUSTRIAL,30880,2
653,2019-07-10,INDUSTRIAL,187600,3
654,2019-02-01,INDUSTRIAL,52554,1
655,2019-10-23,INDUSTRIAL,198613,2
656,2019-07-17,INDUSTRIAL,113260,3
657,2019-02-16,INDUSTRIAL,39519,1
658,2019-10-10,INDUSTRIAL,212463,2
659,2019-07-01,INDUSTRIAL,691100,3
660,2019-02-11,INDUSTRIAL,37002,1
661,2019-10-30,INDUSTRIAL,65403,2
662,2019-07-31,INDUSTRIAL,809400,3
663,2019-02-04,INDUSTRIAL,29430,1
664,2019-10-31,INDUSTRIAL,264028,2
665,2019-07-05,INDUSTRIAL,856880,3
666,2019-02-03,INDUSTRIAL,40233,1
667,2019-10-28,INDUSTRIAL,313192,2
668,2019-07-28,INDUSTRIAL,209459,3
669,2019-10-07,INDUSTRIAL,442021,2
670,2019-07-26,INDUSTRIAL,421676,3
671,2019-10-25,INDUSTRIAL,23338,2
672,2019-07-19,INDUSTRIAL,444068,3
673,2019-10-03,INDUSTRIAL,230280,2
674,2019-07-23,INDUSTRIAL,179682,3
675,2019-10-11,INDUSTRIAL,183660,2
676,2019-07-21,INDUSTRIAL,323494,3
677,2019-10-08,INDUSTRIAL,65790,2
678,2019-07-04,INDUSTRIAL,402169,3
679,2019-10-01,INDUSTRIAL,15020,2
680,2019-07-30,INDUSTRIAL,348740,3
681,2019-10-27,INDUSTRIAL,325456,2
682,2019-07-09,INDUSTRIAL,141405,3
683,2019-08-30,INDUSTRIAL,202380,2
684,2019-07-13,INDUSTRIAL,742427,3
685,2019-08-02,INDUSTRIAL,70421,2
686,2019-07-20,INDUSTRIAL,276045,3
687,2019-08-12,INDUSTRIAL,18715,2
688,2019-07-27,INDUSTRIAL,358831,3
689,2019-08-25,INDUSTRIAL,87182,2
690,2019-07-14,INDUSTRIAL,613500,3
691,2019-08-07,INDUSTRIAL,115736,2
692,2019-07-02,INDUSTRIAL,784944,3
693,2019-08-11,INDUSTRIAL,77699,2
694,2019-07-22,INDUSTRIAL,602244,3
695,2019-08-16,INDUSTRIAL,183589,2
696,2019-07-07,INDUSTRIAL,610878,3
697,2019-08-24,INDUSTRIAL,31160,2
698,2020-07-11,INDUSTRIAL,87100,3
699,2019-08-05,INDUSTRIAL,90183,2
700,2020-07-05,INDUSTRIAL,531392,3
701,2019-02-13,INDUSTRIAL,256514,2
702,2020-07-02,INDUSTRIAL,945460,3
703,2019-02-12,INDUSTRIAL,274663,2
704,2020-07-04,INDUSTRIAL,933244,3
705,2019-02-10,INDUSTRIAL,377834,2
706,2020-07-03,INDUSTRIAL,291076,3
707,2019-02-15,INDUSTRIAL,353064,2
708,2020-07-09,INDUSTRIAL,183600,3
709,2019-02-16,INDUSTRIAL,374830,2
710,2020-07-10,INDUSTRIAL,500328,3
711,2019-02-07,INDUSTRIAL,244650,2
712,2020-07-08,INDUSTRIAL,952240,3
713,2019-02-09,INDUSTRIAL,142579,2
714,2020-07-06,INDUSTRIAL,403827,3
715,2019-02-06,INDUSTRIAL,428884,2
716,2020-07-07,INDUSTRIAL,579502,3
717,2019-02-05,INDUSTRIAL,241659,2
718,2020-07-01,INDUSTRIAL,300748,3
719,2019-02-17,INDUSTRIAL,482290,2
720,2020-07-14,INDUSTRIAL,507558,3
721,2019-04-21,INDUSTRIAL,188251,2
722,2020-07-15,INDUSTRIAL,576585,3
723,2019-04-10,INDUSTRIAL,23258,2
724,2020-05-17,INDUSTRIAL,492144,3
725,2019-04-26,INDUSTRIAL,331208,2
726,2020-05-31,INDUSTRIAL,935620,3
727,2019-04-09,INDUSTRIAL,163715,2
728,2020-05-24,INDUSTRIAL,741680,3
729,2019-04-25,INDUSTRIAL,138998,2
730,2020-05-14,INDUSTRIAL,203424,3
731,2019-04-29,INDUSTRIAL,75337,2
732,2020-05-27,INDUSTRIAL,701422,3
733,2019-04-22,INDUSTRIAL,503450,2
734,2020-05-26,INDUSTRIAL,398080,3
735,2019-02-24,INDUSTRIAL,34253,2
736,2020-05-30,INDUSTRIAL,954780,3
737,2019-02-14,INDUSTRIAL,330224,2
738,2020-05-13,INDUSTRIAL,496388,3
739,2019-02-25,INDUSTRIAL,140743,2
740,2020-05-21,INDUSTRIAL,387147,3
741,2019-02-22,INDUSTRIAL,132970,2
742,2020-05-29,INDUSTRIAL,535518,3
743,2019-02-11,INDUSTRIAL,130000,2
744,2020-05-18,INDUSTRIAL,285552,3
745,2019-02-02,INDUSTRIAL,97673,2
746,2020-05-23,INDUSTRIAL,825620,3
747,2019-02-26,INDUSTRIAL,14200,2
748,2020-05-19,INDUSTRIAL,576140,3
749,2019-02-23,INDUSTRIAL,17710,2
750,2020-05-16,INDUSTRIAL,441177,3
751,2019-02-01,INDUSTRIAL,111220,2
752,2020-05-20,INDUSTRIAL,543296,3
753,2019-02-28,INDUSTRIAL,34975,2
754,2020-05-25,INDUSTRIAL,1009180,3
755,2019-02-27,INDUSTRIAL,94060,2
756,2020-05-22,INDUSTRIAL,525544,3
757,2019-02-21,INDUSTRIAL,31590,2
758,2020-05-12,INDUSTRIAL,367593,3
759,2019-02-08,INDUSTRIAL,227480,2
760,2020-05-15,INDUSTRIAL,64900,3
761,2019-02-19,INDUSTRIAL,350820,2
762,2020-05-11,INDUSTRIAL,259600,3
763,2019-02-18,INDUSTRIAL,350280,2
764,2020-05-01,INDUSTRIAL,594220,3
765,2019-02-20,INDUSTRIAL,253774,2
766,2020-05-04,INDUSTRIAL,511127,3
767,2019-09-23,INDUSTRIAL,50287,2
768,2020-05-03,INDUSTRIAL,849780,3
769,2019-09-10,INDUSTRIAL,127967,2
770,2020-05-02,INDUSTRIAL,552447,3
771,2019-09-13,INDUSTRIAL,28280,2
772,2020-05-07,INDUSTRIAL,440308,3
773,2019-09-01,INDUSTRIAL,67908,2
774,2020-05-05,INDUSTRIAL,1062480,3
775,2019-09-03,INDUSTRIAL,22716,2
776,2020-05-10,INDUSTRIAL,47638,3
777,2019-09-30,INDUSTRIAL,93378,2
778,2020-05-06,INDUSTRIAL,794040,3
779,2019-09-22,INDUSTRIAL,23972,2
780,2020-05-08,INDUSTRIAL,528331,3
781,2019-09-24,INDUSTRIAL,323944,2
782,2020-05-09,INDUSTRIAL,786400,3
783,2019-09-12,INDUSTRIAL,215532,2
784,2020-05-28,INDUSTRIAL,1157800,3
785,2019-09-27,INDUSTRIAL,301112,2
786,2020-01-20,INDUSTRIAL,432379,3
787,2019-09-04,INDUSTRIAL,30710,2
788,2020-01-09,INDUSTRIAL,231985,3
789,2019-09-29,INDUSTRIAL,80670,2
790,2020-01-16,INDUSTRIAL,332138,3
791,2019-09-25,INDUSTRIAL,226148,2
792,2020-01-01,INDUSTRIAL,632300,3
793,2019-09-06,INDUSTRIAL,22628,2
794,2020-01-14,INDUSTRIAL,172689,3
795,2019-09-14,INDUSTRIAL,23013,2
796,2020-01-13,INDUSTRIAL,332815,3
797,2019-09-08,INDUSTRIAL,45210,2
798,2020-01-19,INDUSTRIAL,121889,3
799,2019-09-07,INDUSTRIAL,186290,2
800,2020-01-11,INDUSTRIAL,403709,3
801,2019-09-28,INDUSTRIAL,263968,2
802,2020-01-04,INDUSTRIAL,111700,3
803,2019-09-02,INDUSTRIAL,30700,2
804,2020-01-18,INDUSTRIAL,402380,3
805,2019-09-11,INDUSTRIAL,387634,2
806,2020-01-21,INDUSTRIAL,267460,3
807,2019-09-15,INDUSTRIAL,36910,2
808,2020-01-03,INDUSTRIAL,437664,3
809,2019-07-11,INDUSTRIAL,191880,2
810,2020-01-02,INDUSTRIAL,320597,3
811,2019-07-06,INDUSTRIAL,61921,2
812,2020-01-05,INDUSTRIAL,248319,3
813,2019-07-23,INDUSTRIAL,29410,2
814,2020-01-08,INDUSTRIAL,197812,3
815,2019-07-27,INDUSTRIAL,130738,2
816,2020-01-17,INDUSTRIAL,345266,3
817,2019-07-22,INDUSTRIAL,53190,2
818,2020-01-12,INDUSTRIAL,666460,3
819,2019-07-30,INDUSTRIAL,97146,2
820,2020-01-07,INDUSTRIAL,351138,3
821,2019-07-15,INDUSTRIAL,332960,2
822,2020-01-06,INDUSTRIAL,392529,3
823,2019-07-25,INDUSTRIAL,22591,2
824,2020-01-15,INDUSTRIAL,510672,3
825,2019-07-13,INDUSTRIAL,326062,2
826,2019-10-27,INDUSTRIAL,318720,3
827,2019-07-14,INDUSTRIAL,305240,2
828,2019-10-08,INDUSTRIAL,302433,3
829,2019-07-26,INDUSTRIAL,121908,2
830,2019-05-08,INDUSTRIAL,648349,3
831,2019-07-16,INDUSTRIAL,71550,2
832,2019-05-24,INDUSTRIAL,184019,3
833,2019-07-01,INDUSTRIAL,83230,2
834,2019-05-27,INDUSTRIAL,258020,3
835,2019-07-07,INDUSTRIAL,38770,2
836,2019-05-02,INDUSTRIAL,530633,3
837,2019-04-08,INDUSTRIAL,23070,2
838,2019-05-14,INDUSTRIAL,41483,3
839,2019-04-15,INDUSTRIAL,19790,2
840,2019-05-01,INDUSTRIAL,432422,3
841,2019-04-14,INDUSTRIAL,105448,2
842,2019-05-28,INDUSTRIAL,393700,3
843,2019-04-05,INDUSTRIAL,100553,2
844,2019-05-06,INDUSTRIAL,374308,3
845,2019-04-17,INDUSTRIAL,208163,2
846,2019-05-05,INDUSTRIAL,45615,3
847,2019-04-24,INDUSTRIAL,303358,2
848,2019-05-31,INDUSTRIAL,389576,3
849,2019-04-16,INDUSTRIAL,51630,2
850,2019-12-14,INDUSTRIAL,273186,3
851,2019-04-27,INDUSTRIAL,79598,2
852,2019-12-19,INDUSTRIAL,624620,3
853,2019-04-23,INDUSTRIAL,76928,2
854,2019-12-12,INDUSTRIAL,601060,3
855,2019-04-30,INDUSTRIAL,78752,2
856,2019-12-11,INDUSTRIAL,289797,3
857,2019-04-28,INDUSTRIAL,131696,2
858,2019-12-28,INDUSTRIAL,273017,3
859,2019-04-04,INDUSTRIAL,19550,2
860,2019-12-18,INDUSTRIAL,288392,3
861,2019-04-18,INDUSTRIAL,28126,2
862,2019-12-27,INDUSTRIAL,274700,3
863,2019-04-11,INDUSTRIAL,20170,2
864,2019-12-02,INDUSTRIAL,545746,3
865,2019-04-20,INDUSTRIAL,77363,2
866,2019-12-21,INDUSTRIAL,79636,3
867,2019-04-07,INDUSTRIAL,22398,2
868,2019-12-09,INDUSTRIAL,503604,3
869,2020-05-16,INDUSTRIAL,276254,2
870,2019-12-01,INDUSTRIAL,553267,3
871,2020-05-10,INDUSTRIAL,76957,2
872,2019-12-03,INDUSTRIAL,213000,3
873,2020-05-15,INDUSTRIAL,154638,2
874,2019-05-25,INDUSTRIAL,67177,3
875,2020-05-29,INDUSTRIAL,337649,2
876,2019-05-15,INDUSTRIAL,44900,3
877,2020-05-06,INDUSTRIAL,249580,2
878,2019-05-29,INDUSTRIAL,235833,3
879,2020-05-18,INDUSTRIAL,202577,2
880,2019-05-12,INDUSTRIAL,458251,3
881,2020-05-31,INDUSTRIAL,326086,2
882,2019-05-16,INDUSTRIAL,85036,3
883,2020-05-07,INDUSTRIAL,425282,2
884,2019-05-03,INDUSTRIAL,724640,3
885,2020-05-19,INDUSTRIAL,114268,2
886,2019-05-04,INDUSTRIAL,46920,3
887,2020-05-26,INDUSTRIAL,352318,2
888,2019-05-19,INDUSTRIAL,230610,3
889,2020-05-05,INDUSTRIAL,362898,2
890,2019-05-07,INDUSTRIAL,513144,3
891,2020-05-01,INDUSTRIAL,303062,2
892,2019-05-26,INDUSTRIAL,176767,3
893,2020-05-25,INDUSTRIAL,65128,2
894,2019-05-20,INDUSTRIAL,223924,3
895,2020-05-21,INDUSTRIAL,25192,2
896,2020-07-17,INDUSTRIAL,639700,3
897,2020-05-24,INDUSTRIAL,218004,2
898,2020-07-19,INDUSTRIAL,572671,3
899,2020-05-30,INDUSTRIAL,209060,2
900,2020-04-29,INDUSTRIAL,357713,3
901,2020-05-03,INDUSTRIAL,343355,2
902,2020-04-30,INDUSTRIAL,644789,3
903,2020-05-08,INDUSTRIAL,185150,2
904,2020-04-26,INDUSTRIAL,611100,3
905,2020-05-11,INDUSTRIAL,332100,2
906,2020-04-25,INDUSTRIAL,193382,3
907,2020-05-20,INDUSTRIAL,449008,2
908,2020-04-24,INDUSTRIAL,345738,3
909,2020-05-17,INDUSTRIAL,597780,2
910,2020-04-27,INDUSTRIAL,321400,3
911,2020-05-12,INDUSTRIAL,244978,2
912,2020-04-22,INDUSTRIAL,257921,3
913,2020-05-09,INDUSTRIAL,387982,2
914,2020-04-17,INDUSTRIAL,160859,3
915,2020-05-13,INDUSTRIAL,241142,2
916,2020-04-18,INDUSTRIAL,607600,3
917,2020-05-23,INDUSTRIAL,45112,2
918,2020-04-19,INDUSTRIAL,168276,3
919,2020-05-02,INDUSTRIAL,240175,2
920,2020-04-16,INDUSTRIAL,103281,3
921,2020-05-14,INDUSTRIAL,225796,2
922,2020-04-12,INDUSTRIAL,420731,3
923,2020-05-22,INDUSTRIAL,298186,2
924,2020-04-09,INDUSTRIAL,367085,3
925,2020-05-28,INDUSTRIAL,489660,2
926,2020-04-10,INDUSTRIAL,792420,3
927,2020-05-04,INDUSTRIAL,457720,2
928,2020-04-02,INDUSTRIAL,534771,3
929,2020-05-27,INDUSTRIAL,625530,2
930,2020-04-05,INDUSTRIAL,747080,3
931,2020-01-10,INDUSTRIAL,109552,2
932,2020-04-06,INDUSTRIAL,1038060,3
933,2020-01-31,INDUSTRIAL,108744,2
934,2020-04-11,INDUSTRIAL,618318,3
935,2020-01-03,INDUSTRIAL,26170,2
936,2020-04-03,INDUSTRIAL,676322,3
937,2020-01-15,INDUSTRIAL,336680,2
938,2020-04-08,INDUSTRIAL,609042,3
939,2020-01-22,INDUSTRIAL,91822,2
940,2020-04-01,INDUSTRIAL,533578,3
941,2020-01-13,INDUSTRIAL,173191,2
942,2020-04-07,INDUSTRIAL,1051600,3
943,2020-01-17,INDUSTRIAL,52510,2
944,2020-04-04,INDUSTRIAL,587933,3
945,2020-01-07,INDUSTRIAL,55950,2
946,2020-04-13,INDUSTRIAL,132300,3
947,2020-01-12,INDUSTRIAL,290230,2
948,2019-12-07,INDUSTRIAL,148500,3
949,2020-01-21,INDUSTRIAL,144589,2
950,2019-12-30,INDUSTRIAL,227824,3
951,2020-01-30,INDUSTRIAL,54220,2
952,2019-12-23,INDUSTRIAL,290772,3
953,2020-01-01,INDUSTRIAL,87020,2
954,2019-12-08,INDUSTRIAL,416623,3
955,2020-01-18,INDUSTRIAL,47323,2
956,2019-12-15,INDUSTRIAL,265188,3
957,2020-01-26,INDUSTRIAL,130640,2
958,2019-12-10,INDUSTRIAL,559400,3
959,2020-01-20,INDUSTRIAL,189290,2
960,2019-12-13,INDUSTRIAL,108600,3
961,2020-01-27,INDUSTRIAL,159064,2
962,2019-12-22,INDUSTRIAL,757080,3
963,2020-01-19,INDUSTRIAL,131849,2
964,2019-12-26,INDUSTRIAL,340293,3
965,2020-01-25,INDUSTRIAL,188472,2
966,2019-12-31,INDUSTRIAL,237377,3
967,2020-01-28,INDUSTRIAL,162056,2
968,2019-12-24,INDUSTRIAL,423702,3
969,2020-01-09,INDUSTRIAL,200582,2
970,2019-12-17,INDUSTRIAL,189956,3
971,2020-01-16,INDUSTRIAL,211189,2
972,2019-12-29,INDUSTRIAL,164540,3
973,2020-01-29,INDUSTRIAL,106048,2
974,2019-12-20,INDUSTRIAL,248065,3
975,2020-01-05,INDUSTRIAL,42924,2
976,2019-12-25,INDUSTRIAL,474589,3
977,2020-01-06,INDUSTRIAL,177731,2
978,2019-04-11,INDUSTRIAL,81814,3
979,2020-01-11,INDUSTRIAL,94303,2
980,2019-04-15,INDUSTRIAL,267395,3
981,2020-01-02,INDUSTRIAL,179159,2
982,2019-04-03,INDUSTRIAL,541360,3
983,2019-09-21,INDUSTRIAL,73200,2
984,2019-04-21,INDUSTRIAL,41185,3
985,2019-09-26,INDUSTRIAL,150646,2
986,2019-04-02,INDUSTRIAL,263711,3
987,2020-07-06,INDUSTRIAL,141615,2
988,2019-04-24,INDUSTRIAL,408271,3
989,2020-07-07,INDUSTRIAL,40510,2
990,2019-04-13,INDUSTRIAL,99856,3
991,2020-07-11,INDUSTRIAL,46470,2
992,2019-04-27,INDUSTRIAL,712840,3
993,2020-07-14,INDUSTRIAL,51706,2
994,2019-04-04,INDUSTRIAL,265056,3
995,2020-07-13,INDUSTRIAL,219257,2
996,2019-04-28,INDUSTRIAL,804020,3
997,2020-07-05,INDUSTRIAL,66944,2
998,2020-07-16,INDUSTRIAL,282962,3
999,2020-07-04,INDUSTRIAL,153460,2
1000,2020-07-18,INDUSTRIAL,398908,3
1001,2020-07-03,INDUSTRIAL,236288,2
1002,2019-08-26,INDUSTRIAL,707800,3
1003,2020-07-12,INDUSTRIAL,382435,2
1004,2019-08-18,INDUSTRIAL,638520,3
1005,2020-07-10,INDUSTRIAL,25779,2
1006,2019-08-08,INDUSTRIAL,313024,3
1007,2020-07-17,INDUSTRIAL,191125,2
1008,2019-08-20,INDUSTRIAL,627012,3
1009,2020-07-19,INDUSTRIAL,111902,2
1010,2019-08-15,INDUSTRIAL,570318,3
1011,2020-06-15,INDUSTRIAL,39100,2
1012,2019-08-01,INDUSTRIAL,735620,3
1013,2020-06-09,INDUSTRIAL,161557,2
1014,2019-08-02,INDUSTRIAL,598800,3
1015,2020-06-16,INDUSTRIAL,118054,2
1016,2019-08-03,INDUSTRIAL,689760,3
1017,2020-06-20,INDUSTRIAL,212130,2
1018,2019-08-09,INDUSTRIAL,533022,3
1019,2020-06-12,INDUSTRIAL,90190,2
1020,2019-08-06,INDUSTRIAL,374292,3
1021,2020-06-03,INDUSTRIAL,222604,2
1022,2019-08-30,INDUSTRIAL,976300,3
1023,2020-06-17,INDUSTRIAL,262489,2
1024,2019-08-31,INDUSTRIAL,964300,3
1025,2020-06-18,INDUSTRIAL,147094,2
1026,2019-08-29,INDUSTRIAL,965700,3
1027,2020-06-13,INDUSTRIAL,141168,2
1028,2019-04-14,INDUSTRIAL,122800,3
1029,2020-06-21,INDUSTRIAL,207148,2
1030,2019-04-29,INDUSTRIAL,273689,3
1031,2020-06-04,INDUSTRIAL,314618,2
1032,2019-04-22,INDUSTRIAL,306369,3
1033,2020-06-08,INDUSTRIAL,24268,2
1034,2019-04-23,INDUSTRIAL,348687,3
1035,2020-06-10,INDUSTRIAL,336390,2
1036,2019-04-12,INDUSTRIAL,350397,3
1037,2020-06-14,INDUSTRIAL,248620,2
1038,2019-04-17,INDUSTRIAL,190969,3
1039,2020-06-05,INDUSTRIAL,118707,2
1040,2019-04-25,INDUSTRIAL,882800,3
1041,2020-06-06,INDUSTRIAL,229642,2
1042,2019-04-05,INDUSTRIAL,46900,3
1043,2020-06-19,INDUSTRIAL,249433,2
1044,2019-04-18,INDUSTRIAL,254085,3
1045,2020-06-02,INDUSTRIAL,248795,2
1046,2019-04-26,INDUSTRIAL,542853,3
1047,2020-06-11,INDUSTRIAL,370432,2
1048,2019-11-05,INDUSTRIAL,549785,3
1049,2020-06-07,INDUSTRIAL,586510,2
1050,2019-11-13,INDUSTRIAL,822900,3
1051,2020-06-01,INDUSTRIAL,321442,2
1052,2019-11-17,INDUSTRIAL,519618,3
1053,2020-06-22,INDUSTRIAL,90250,2
1054,2019-11-11,INDUSTRIAL,1034100,3
1055,2020-03-28,INDUSTRIAL,113988,2
1056,2019-09-11,INDUSTRIAL,493428,3
1057,2020-03-03,INDUSTRIAL,65589,2
1058,2019-09-15,INDUSTRIAL,838620,3
1059,2020-03-05,INDUSTRIAL,209406,2
1060,2019-09-30,INDUSTRIAL,751100,3
1061,2020-03-02,INDUSTRIAL,198514,2
1062,2019-09-10,INDUSTRIAL,224520,3
1063,2020-03-18,INDUSTRIAL,89968,2
1064,2019-09-01,INDUSTRIAL,537000,3
1065,2020-03-06,INDUSTRIAL,22370,2
1066,2019-09-05,INDUSTRIAL,335689,3
1067,2020-03-17,INDUSTRIAL,63210,2
1068,2019-09-18,INDUSTRIAL,724411,3
1069,2020-03-04,INDUSTRIAL,334888,2
1070,2019-09-24,INDUSTRIAL,190424,3
1071,2020-03-01,INDUSTRIAL,26550,2
1072,2019-09-20,INDUSTRIAL,607980,3
1073,2020-03-23,INDUSTRIAL,255150,2
1074,2019-09-21,INDUSTRIAL,545956,3
1075,2020-03-13,INDUSTRIAL,186354,2
1076,2019-09-26,INDUSTRIAL,796680,3
1077,2020-03-08,INDUSTRIAL,144655,2
1078,2019-09-03,INDUSTRIAL,609820,3
1079,2020-03-12,INDUSTRIAL,65783,2
1080,2019-09-28,INDUSTRIAL,700144,3
1081,2020-03-30,INDUSTRIAL,420770,2
1082,2019-09-06,INDUSTRIAL,428030,3
1083,2020-03-16,INDUSTRIAL,424968,2
1084,2019-09-12,INDUSTRIAL,965100,3
1085,2020-03-15,INDUSTRIAL,579870,2
1086,2019-09-27,INDUSTRIAL,510224,3
1087,2020-03-31,INDUSTRIAL,74410,2
1088,2019-09-16,INDUSTRIAL,785400,3
1089,2020-03-21,INDUSTRIAL,417763,2
1090,2019-09-25,INDUSTRIAL,418496,3
1091,2020-03-09,INDUSTRIAL,22730,2
1092,2019-09-23,INDUSTRIAL,424192,3
1093,2020-03-11,INDUSTRIAL,43956,2
1094,2019-09-13,INDUSTRIAL,804160,3
1095,2020-03-14,INDUSTRIAL,107004,2
1096,2019-09-14,INDUSTRIAL,813820,3
1097,2020-03-29,INDUSTRIAL,27330,2
1098,2019-09-08,INDUSTRIAL,539811,3
1099,2020-03-24,INDUSTRIAL,62530,2
1100,2019-09-22,INDUSTRIAL,791340,3
1101,2020-02-06,INDUSTRIAL,21060,2
1102,2019-09-02,INDUSTRIAL,559240,3
1103,2020-02-04,INDUSTRIAL,53470,2
1104,2019-09-07,INDUSTRIAL,1044300,3
1105,2020-02-05,INDUSTRIAL,101775,2
1106,2019-09-09,INDUSTRIAL,1004400,3
1107,2020-02-13,INDUSTRIAL,156320,2
1108,2019-09-19,INDUSTRIAL,1014900,3
1109,2020-02-15,INDUSTRIAL,101107,2
1110,2019-09-29,INDUSTRIAL,1056900,3
1111,2020-02-29,INDUSTRIAL,43554,2
1112,2019-09-17,INDUSTRIAL,1028500,3
1113,2020-02-09,INDUSTRIAL,70924,2
1114,2019-09-04,INDUSTRIAL,1017800,3
1115,2020-02-12,INDUSTRIAL,101256,2
1116,2019-08-04,INDUSTRIAL,904900,3
1117,2020-02-03,INDUSTRIAL,168645,2
1118,2019-08-22,INDUSTRIAL,770822,3
1119,2020-02-08,INDUSTRIAL,41919,2
1120,2019-08-24,INDUSTRIAL,624960,3
1121,2020-02-11,INDUSTRIAL,153300,2
1122,2019-08-10,INDUSTRIAL,475956,3
1123,2020-02-27,INDUSTRIAL,48117,2
1124,2019-08-21,INDUSTRIAL,555020,3
1125,2020-02-10,INDUSTRIAL,102178,2
1126,2019-08-27,INDUSTRIAL,316344,3
1127,2020-02-25,INDUSTRIAL,22150,2
1128,2019-08-25,INDUSTRIAL,344589,3
1129,2020-02-02,INDUSTRIAL,71719,2
1130,2019-08-17,INDUSTRIAL,240441,3
1131,2020-02-22,INDUSTRIAL,45246,2
1132,2019-08-11,INDUSTRIAL,618360,3
1133,2020-02-20,INDUSTRIAL,65128,2
1134,2019-08-19,INDUSTRIAL,229044,3
1135,2020-02-17,INDUSTRIAL,44822,2
1136,2019-08-16,INDUSTRIAL,380380,3
1137,2020-02-24,INDUSTRIAL,66450,2
1138,2019-08-12,INDUSTRIAL,107120,3
1139,2020-02-18,INDUSTRIAL,64556,2
1140,2019-08-07,INDUSTRIAL,525911,3
1141,2020-02-23,INDUSTRIAL,306897,2
1142,2019-08-05,INDUSTRIAL,879220,3
1143,2020-02-01,INDUSTRIAL,44391,2
1144,2019-08-23,INDUSTRIAL,477589,3
1145,2020-02-19,INDUSTRIAL,104554,2
1146,2019-08-28,INDUSTRIAL,438965,3
1147,2020-02-21,INDUSTRIAL,55740,2
1148,2020-06-07,INDUSTRIAL,445440,3
1149,2019-11-22,INDUSTRIAL,197177,2
1150,2020-06-20,INDUSTRIAL,906700,3
1151,2019-11-06,INDUSTRIAL,335192,2
1152,2020-06-22,INDUSTRIAL,667160,3
1153,2019-03-08,INDUSTRIAL,36860,2
1154,2020-06-02,INDUSTRIAL,567987,3
1155,2019-03-17,INDUSTRIAL,34760,2
1156,2020-06-28,INDUSTRIAL,488331,3
1157,2019-03-20,INDUSTRIAL,69962,2
1158,2020-06-30,INDUSTRIAL,578487,3
1159,2019-03-03,INDUSTRIAL,12420,2
1160,2020-06-09,INDUSTRIAL,401292,3
1161,2019-03-06,INDUSTRIAL,231854,2
1162,2020-06-05,INDUSTRIAL,1063956,3
1163,2019-03-19,INDUSTRIAL,223916,2
1164,2020-06-04,INDUSTRIAL,533424,3
1165,2019-03-07,INDUSTRIAL,49732,2
1166,2020-06-18,INDUSTRIAL,540069,3
1167,2019-03-09,INDUSTRIAL,92320,2
1168,2020-06-21,INDUSTRIAL,1114380,3
1169,2019-03-21,INDUSTRIAL,13390,2
1170,2020-06-13,INDUSTRIAL,827756,3
1171,2019-03-16,INDUSTRIAL,14100,2
1172,2020-06-17,INDUSTRIAL,267075,3
1173,2019-12-10,INDUSTRIAL,100165,2
1174,2020-06-10,INDUSTRIAL,759573,3
1175,2019-12-26,INDUSTRIAL,107021,2
1176,2020-06-27,INDUSTRIAL,870000,3
1177,2019-12-04,INDUSTRIAL,102842,2
1178,2020-06-29,INDUSTRIAL,594610,3
1179,2019-12-16,INDUSTRIAL,229525,2
1180,2020-06-06,INDUSTRIAL,787084,3
1181,2019-12-14,INDUSTRIAL,207530,2
1182,2020-06-23,INDUSTRIAL,721382,3
1183,2019-12-13,INDUSTRIAL,43289,2
1184,2020-06-24,INDUSTRIAL,1050860,3
1185,2019-12-25,INDUSTRIAL,525119,2
1186,2020-06-08,INDUSTRIAL,395162,3
1187,2019-12-18,INDUSTRIAL,435308,2
1188,2020-06-19,INDUSTRIAL,378520,3
1189,2019-12-05,INDUSTRIAL,142010,2
1190,2020-06-26,INDUSTRIAL,912480,3
1191,2019-12-27,INDUSTRIAL,543510,2
1192,2020-06-12,INDUSTRIAL,669311,3
1193,2019-12-09,INDUSTRIAL,18680,2
1194,2020-06-11,INDUSTRIAL,698480,3
1195,2019-05-24,INDUSTRIAL,106047,2
1196,2020-06-16,INDUSTRIAL,504773,3
1197,2019-05-25,INDUSTRIAL,27570,2
1198,2020-06-03,INDUSTRIAL,582080,3
1199,2019-05-17,INDUSTRIAL,46938,2
1200,2020-06-15,INDUSTRIAL,451762,3
1201,2019-05-02,INDUSTRIAL,43581,2
1202,2020-06-01,INDUSTRIAL,1013420,3
1203,2019-05-27,INDUSTRIAL,25190,2
1204,2020-06-14,INDUSTRIAL,1171000,3
1205,2019-05-26,INDUSTRIAL,22950,2
1206,2020-06-25,INDUSTRIAL,1193500,3
1207,2019-05-28,INDUSTRIAL,92382,2
1208,2020-03-31,INDUSTRIAL,267445,3
1209,2019-05-07,INDUSTRIAL,77629,2
1210,2020-03-29,INDUSTRIAL,321485,3
1211,2019-05-01,INDUSTRIAL,41317,2
1212,2020-03-28,INDUSTRIAL,465488,3
1213,2019-05-03,INDUSTRIAL,88360,2
1214,2020-03-14,INDUSTRIAL,262200,3
1215,2019-05-08,INDUSTRIAL,22470,2
1216,2020-03-15,INDUSTRIAL,452994,3
1217,2019-05-18,INDUSTRIAL,27380,2
1218,2020-03-30,INDUSTRIAL,291000,3
1219,2019-05-29,INDUSTRIAL,23000,2
1220,2020-03-27,INDUSTRIAL,227614,3
1221,2020-04-01,INDUSTRIAL,58183,2
1222,2020-03-18,INDUSTRIAL,288515,3
1223,2020-04-03,INDUSTRIAL,300391,2
1224,2020-03-22,INDUSTRIAL,552023,3
1225,2020-04-05,INDUSTRIAL,296949,2
1226,2020-03-20,INDUSTRIAL,83569,3
1227,2020-04-12,INDUSTRIAL,222602,2
1228,2020-03-23,INDUSTRIAL,132062,3
1229,2020-04-11,INDUSTRIAL,368036,2
1230,2020-03-17,INDUSTRIAL,310348,3
1231,2020-04-08,INDUSTRIAL,326830,2
1232,2020-03-26,INDUSTRIAL,374900,3
1233,2020-04-09,INDUSTRIAL,554092,2
1234,2020-03-24,INDUSTRIAL,378960,3
1235,2020-04-02,INDUSTRIAL,523780,2
1236,2020-03-21,INDUSTRIAL,988080,3
1237,2020-04-07,INDUSTRIAL,424058,2
1238,2020-03-19,INDUSTRIAL,503560,3
1239,2020-04-04,INDUSTRIAL,185126,2
1240,2020-03-25,INDUSTRIAL,625501,3
1241,2020-04-06,INDUSTRIAL,405498,2
1242,2020-03-10,INDUSTRIAL,851480,3
1243,2020-04-13,INDUSTRIAL,311839,2
1244,2020-03-04,INDUSTRIAL,538855,3
1245,2020-04-21,INDUSTRIAL,362910,2
1246,2020-03-06,INDUSTRIAL,547220,3
1247,2020-04-23,INDUSTRIAL,126278,2
1248,2020-03-09,INDUSTRIAL,561253,3
1249,2020-04-14,INDUSTRIAL,170650,2
1250,2020-03-05,INDUSTRIAL,566811,3
1251,2020-04-28,INDUSTRIAL,403998,2
1252,2020-03-12,INDUSTRIAL,791189,3
1253,2020-04-29,INDUSTRIAL,370874,2
1254,2020-03-13,INDUSTRIAL,441747,3
1255,2020-04-24,INDUSTRIAL,112242,2
1256,2020-03-11,INDUSTRIAL,665244,3
1257,2020-04-20,INDUSTRIAL,409084,2
1258,2020-03-01,INDUSTRIAL,808760,3
1259,2020-04-26,INDUSTRIAL,80960,2
1260,2020-03-03,INDUSTRIAL,683128,3
1261,2020-04-19,INDUSTRIAL,475292,2
1262,2020-03-08,INDUSTRIAL,339400,3
1263,2020-04-17,INDUSTRIAL,218900,2
1264,2020-03-02,INDUSTRIAL,105200,3
1265,2020-04-16,INDUSTRIAL,217187,2
1266,2020-03-07,INDUSTRIAL,456600,3
1267,2020-04-27,INDUSTRIAL,512554,2
1268,2020-02-04,INDUSTRIAL,159200,3
1269,2020-04-30,INDUSTRIAL,191197,2
1270,2020-02-07,INDUSTRIAL,734060,3
1271,2020-04-25,INDUSTRIAL,138315,2
1272,2020-02-06,INDUSTRIAL,82769,3
1273,2020-04-15,INDUSTRIAL,281932,2
1274,2020-02-25,INDUSTRIAL,103000,3
1275,2020-04-22,INDUSTRIAL,261790,2
1276,2020-02-24,INDUSTRIAL,83663,3
1277,2020-04-18,INDUSTRIAL,479302,2
1278,2020-02-08,INDUSTRIAL,288736,3
1279,2020-04-10,INDUSTRIAL,592320,2
1280,2020-02-09,INDUSTRIAL,240500,3
1281,2019-12-29,INDUSTRIAL,245546,2
1282,2020-02-22,INDUSTRIAL,84700,3
1283,2019-12-21,INDUSTRIAL,256068,2
1284,2020-02-16,INDUSTRIAL,645440,3
1285,2019-12-31,INDUSTRIAL,145077,2
1286,2020-02-20,INDUSTRIAL,41300,3
1287,2019-12-23,INDUSTRIAL,63060,2
1288,2020-02-14,INDUSTRIAL,877040,3
1289,2019-12-01,INDUSTRIAL,46360,2
1290,2020-02-10,INDUSTRIAL,188023,3
1291,2019-12-19,INDUSTRIAL,56070,2
1292,2020-02-19,INDUSTRIAL,609889,3
1293,2019-12-12,INDUSTRIAL,55640,2
1294,2020-02-17,INDUSTRIAL,757762,3
1295,2019-12-30,INDUSTRIAL,47197,2
1296,2020-02-18,INDUSTRIAL,630922,3
1297,2019-12-20,INDUSTRIAL,50725,2
1298,2020-02-15,INDUSTRIAL,848660,3
1299,2019-12-03,INDUSTRIAL,191961,2
1300,2020-02-11,INDUSTRIAL,40000,3
1301,2019-12-02,INDUSTRIAL,157601,2
1302,2020-02-29,INDUSTRIAL,470560,3
1303,2019-12-15,INDUSTRIAL,73506,2
1304,2020-02-13,INDUSTRIAL,323900,3
1305,2019-12-11,INDUSTRIAL,67117,2
1306,2020-02-28,INDUSTRIAL,527868,3
1307,2019-12-22,INDUSTRIAL,152359,2
1308,2019-11-22,INDUSTRIAL,94100,3
1309,2019-12-17,INDUSTRIAL,166354,2
1310,2019-11-19,INDUSTRIAL,268456,3
1311,2019-12-28,INDUSTRIAL,204505,2
1312,2019-11-10,INDUSTRIAL,1000060,3
1313,2021-06-15,INDUSTRIAL,1337400,3
1314,2019-11-15,INDUSTRIAL,278091,3
1315,2021-06-17,INDUSTRIAL,976000,3
1316,2019-11-07,INDUSTRIAL,802260,3
1317,2021-06-14,INDUSTRIAL,1338100,3
1318,2019-11-09,INDUSTRIAL,460748,3
1319,2021-06-20,INDUSTRIAL,952300,3
1320,2019-11-04,INDUSTRIAL,411270,3
1321,2021-06-18,INDUSTRIAL,966600,3
1322,2019-11-23,INDUSTRIAL,356784,3
1323,2021-06-16,INDUSTRIAL,1472500,3
1324,2019-11-21,INDUSTRIAL,300971,3
1325,2021-06-13,INDUSTRIAL,1275000,3
1326,2019-11-20,INDUSTRIAL,382330,3
1327,2021-06-12,INDUSTRIAL,1095800,3
1328,2019-11-06,INDUSTRIAL,548538,3
1329,2021-06-19,INDUSTRIAL,963200,3
1330,2019-11-12,INDUSTRIAL,812240,3
1331,2021-05-13,INDUSTRIAL,916400,3
1332,2019-11-30,INDUSTRIAL,240531,3
1333,2021-05-12,INDUSTRIAL,1616400,3
1334,2019-11-28,INDUSTRIAL,395938,3
1335,2021-05-11,INDUSTRIAL,307700,3
1336,2019-11-29,INDUSTRIAL,199156,3
1337,2021-05-17,INDUSTRIAL,917600,3
1338,2019-11-01,INDUSTRIAL,705880,3
1339,2021-05-16,INDUSTRIAL,959500,3
1340,2019-11-02,INDUSTRIAL,477800,3
1341,2021-05-15,INDUSTRIAL,928900,3
1342,2019-11-08,INDUSTRIAL,499820,3
1343,2021-05-09,INDUSTRIAL,941200,3
1344,2019-11-14,INDUSTRIAL,279560,3
1345,2021-05-14,INDUSTRIAL,972500,3
1346,2019-11-03,INDUSTRIAL,94400,3
1347,2021-05-10,INDUSTRIAL,960400,3
1348,2019-11-18,INDUSTRIAL,707900,3
1349,2021-05-20,INDUSTRIAL,923700,3
1350,2019-11-16,INDUSTRIAL,386869,3
1351,2021-05-19,INDUSTRIAL,959900,3
1352,2019-11-24,INDUSTRIAL,468567,3
1353,2021-05-18,INDUSTRIAL,985500,3
1354,2019-11-27,INDUSTRIAL,196935,3
1355,2021-05-21,INDUSTRIAL,1119000,3
1356,2021-05-22,INDUSTRIAL,904700,3
1357,2021-05-08,INDUSTRIAL,970200,3
